,season,GP,MIN,PTS,FGM,FGA,FG%,3PM,3PA,3P%,FTM,FTA,FT%,OREB,DREB,REB,AST,TOV,STL,BLK,PF,FP,DD2,TD3,+/-,full_name
0,2019-20,55.0,27.0,11.0,4.6,7.8,58.9,0.0,0.1,33.3,1.9,3.1,60.0,3.5,6.0,9.4,2.5,1.5,0.8,1.1,2.0,30.3,20.0,0.0,2.3,Steven Adams
1,2019-20,61.0,34.4,16.2,6.2,11.0,56.5,0.0,0.2,7.7,3.7,5.3,69.0,2.5,8.0,10.5,5.1,2.8,1.2,1.3,2.5,41.2,37.0,3.0,3.5,Bam Adebayo
2,2019-20,52.0,33.0,18.8,7.3,14.8,49.5,1.2,2.9,39.2,3.0,3.6,82.9,2.0,5.5,7.5,2.4,1.4,0.6,1.6,2.4,36.7,14.0,0.0,-2.6,LaMarcus Aldridge
3,2019-20,2.0,6.8,0.0,0.0,0.0,0.0,0.0,0.0,0.0,0.0,0.0,0.0,0.5,1.5,2.0,0.0,0.5,0.0,0.5,1.5,3.4,0.0,0.0,-5.0,Kyle Alexander
4,2019-20,41.0,12.2,5.1,1.9,5.5,33.9,1.0,2.9,34.2,0.4,0.7,60.7,0.2,1.8,2.0,1.8,1.0,0.3,0.2,1.1,10.5,0.0,0.0,-1.5,Nickeil Alexander-Walker
5,2019-20,30.0,16.6,7.4,2.6,5.9,44.9,1.1,3.0,36.3,1.0,1.2,85.7,0.2,2.0,2.2,1.4,0.8,0.2,0.0,1.2,12.1,0.0,0.0,-2.4,Grayson Allen
6,2019-20,60.0,26.0,10.8,4.2,6.6,64.5,0.0,0.1,0.0,2.4,3.8,62.7,3.1,6.5,9.6,1.4,1.1,0.6,1.4,2.3,29.2,26.0,0.0,0.8,Jarrett Allen
7,2019-20,10.0,11.7,5.0,1.9,4.4,43.2,0.5,1.6,31.3,0.7,1.1,63.6,0.2,0.7,0.9,2.1,0.8,0.5,0.2,0.7,10.5,0.0,0.0,-2.1,Kadeem Allen
8,2019-20,18.0,21.1,4.3,1.4,4.8,29.1,0.5,2.0,25.0,1.1,1.6,65.5,1.3,3.5,4.8,1.2,0.9,1.0,0.4,1.5,15.3,1.0,0.0,-1.9,Al-Farouq Aminu
9,2019-20,3.0,5.6,1.0,0.3,2.0,16.7,0.0,1.0,0.0,0.3,0.7,50.0,0.0,0.7,0.7,0.0,0.0,0.0,0.3,0.7,2.8,0.0,0.0,-2.7,Justin Anderson
10,2019-20,55.0,18.9,5.5,2.3,4.7,48.8,0.2,0.9,21.2,0.7,1.1,65.0,0.9,3.4,4.3,2.2,0.9,0.8,0.5,1.5,17.0,0.0,0.0,-1.9,Kyle Anderson
11,2019-20,2.0,7.0,2.5,1.0,3.5,28.6,0.5,2.5,20.0,0.0,0.0,0.0,0.0,3.5,3.5,1.0,0.5,0.5,0.0,0.5,9.2,0.0,0.0,3.5,Ryan Anderson
12,2019-20,55.0,30.9,29.6,11.0,19.9,55.1,1.5,4.7,31.1,6.2,10.0,62.5,2.3,11.5,13.8,5.8,3.7,1.0,1.1,3.0,57.4,50.0,4.0,11.5,Giannis Antetokounmpo
13,2019-20,3.0,1.7,0.0,0.0,0.0,0.0,0.0,0.0,0.0,0.0,0.0,0.0,0.0,0.3,0.3,0.3,0.0,0.0,0.0,0.0,0.9,0.0,0.0,-0.7,Kostas Antetokounmpo
14,2019-20,16.0,4.4,2.3,1.0,1.8,55.2,0.0,0.3,0.0,0.3,0.6,44.4,0.4,0.3,0.8,0.4,0.4,0.3,0.1,0.6,4.3,0.0,0.0,-0.2,Thanasis Antetokounmpo
15,2019-20,46.0,32.7,15.3,5.8,13.8,42.2,1.4,3.9,35.9,2.2,2.7,84.4,1.3,5.2,6.5,1.5,1.8,0.8,0.5,2.9,27.2,4.0,0.0,-0.4,Carmelo Anthony
16,2019-20,60.0,29.8,10.7,4.3,8.5,50.3,1.3,3.4,37.1,0.9,1.3,70.0,1.2,4.3,5.5,1.6,1.2,1.4,0.7,2.5,24.8,5.0,0.0,3.4,OG Anunoby
17,2019-20,57.0,15.9,4.4,1.5,3.8,40.7,0.9,2.4,38.1,0.5,0.7,71.1,0.4,1.5,1.9,1.6,0.6,0.4,0.1,1.6,10.0,0.0,0.0,-1.4,Ryan Arcidiacono
18,2019-20,49.0,27.7,7.4,2.6,6.0,43.2,1.3,3.8,35.7,0.9,1.1,83.6,0.6,4.0,4.6,1.7,1.0,1.3,0.2,2.1,19.1,0.0,0.0,-0.8,Trevor Ariza
19,2019-20,45.0,24.9,10.1,3.1,8.1,38.5,1.2,3.5,33.3,2.7,3.0,88.2,0.4,1.9,2.2,4.6,1.4,0.6,0.0,1.1,20.3,0.0,0.0,1.5,D.J. Augustin
20,2019-20,30.0,33.2,19.0,8.5,15.5,54.8,0.0,0.1,0.0,2.0,2.6,76.9,4.1,7.9,12.0,1.9,2.4,0.7,1.7,3.2,41.2,20.0,0.0,1.2,Deandre Ayton
21,2019-20,39.0,17.6,5.7,2.2,6.3,34.8,0.5,1.7,28.4,0.9,1.4,66.0,0.4,2.2,2.6,1.3,0.9,0.6,0.1,1.3,11.8,0.0,0.0,-3.4,Dwayne Bacon
22,2019-20,13.0,25.7,14.2,6.0,12.8,46.7,0.3,1.7,18.2,1.9,2.4,80.6,2.2,5.2,7.5,0.8,1.4,0.5,0.9,3.3,27.1,3.0,0.0,-6.8,Marvin BagleyIII
23,2019-20,53.0,32.2,12.0,4.5,11.0,40.6,2.4,6.4,37.1,0.7,1.2,57.8,1.1,5.0,6.1,7.0,3.0,1.4,0.5,1.9,32.6,11.0,3.0,0.1,Lonzo Ball
24,2019-20,56.0,14.8,5.7,2.3,4.8,47.7,0.6,1.7,36.1,0.5,0.8,69.8,1.6,3.4,5.1,0.7,0.8,0.4,1.5,2.0,17.6,2.0,0.0,0.7,Mo Bamba
25,2019-20,23.0,15.4,8.2,3.1,7.3,42.6,1.2,3.0,40.6,0.7,0.8,94.4,0.4,1.5,2.0,4.0,1.5,0.2,0.1,0.9,15.8,0.0,0.0,1.7,J.J. Barea
26,2019-20,61.0,34.8,14.7,5.1,11.1,45.9,1.4,3.8,37.0,3.1,3.9,80.5,0.9,3.9,4.8,2.3,1.3,0.6,0.1,1.3,24.9,3.0,0.0,-0.9,Harrison Barnes
27,2019-20,51.0,30.4,14.1,5.2,12.9,40.0,1.1,3.5,32.0,2.6,4.5,59.2,0.9,4.1,5.0,2.5,2.2,0.9,0.3,2.2,25.4,2.0,0.0,-5.9,RJ Barrett
28,2019-20,54.0,32.9,14.8,5.6,12.6,44.4,1.8,4.7,37.6,1.8,2.4,76.6,1.4,4.9,6.3,3.7,1.5,1.0,0.5,2.1,30.9,7.0,0.0,4.1,Will Barton
29,2019-20,39.0,17.1,6.6,2.3,5.3,42.8,0.8,2.4,33.0,1.3,1.8,71.0,0.5,2.3,2.9,0.8,0.4,0.4,0.5,1.0,13.8,0.0,0.0,-4.1,Keita Bates-Diop
30,2019-20,22.0,23.0,3.6,1.3,3.7,34.6,0.6,2.2,28.6,0.4,0.5,90.0,1.1,3.4,4.5,3.0,1.0,0.8,0.4,1.9,16.0,0.0,0.0,-2.2,Nicolas Batum
31,2019-20,39.0,21.3,10.6,4.1,8.4,48.8,1.2,3.5,33.1,1.2,1.7,72.7,1.6,3.8,5.4,1.6,1.1,0.2,0.5,3.4,20.6,2.0,0.0,-1.6,Aron Baynes
32,2019-20,61.0,24.9,8.5,2.8,7.7,36.5,1.2,3.6,33.8,1.7,2.2,76.5,0.4,3.8,4.2,1.3,1.3,1.1,0.6,2.8,19.3,0.0,0.0,0.2,Kent Bazemore
33,2019-20,53.0,17.2,4.5,1.7,4.3,38.3,0.6,1.9,30.0,0.6,0.9,68.1,0.4,3.3,3.7,0.5,0.8,0.4,0.7,0.8,12.1,0.0,0.0,-1.2,Darius Bazley
34,2019-20,53.0,35.9,30.5,10.4,22.7,45.8,2.8,8.3,34.2,6.8,8.2,84.0,0.9,3.3,4.3,6.1,3.4,1.2,0.4,2.3,46.2,8.0,0.0,-3.4,Bradley Beal
35,2019-20,51.0,21.2,10.5,3.8,9.2,41.7,1.9,4.9,38.6,1.0,1.2,83.1,0.3,2.2,2.5,1.4,1.0,0.7,0.2,1.5,17.4,1.0,0.0,0.1,Malik Beasley
36,2019-20,51.0,14.9,5.6,2.0,5.2,38.0,1.0,2.9,35.6,0.6,0.8,78.0,0.1,1.6,1.7,1.2,0.3,0.2,0.0,0.8,9.8,0.0,0.0,0.4,Marco Belinelli
37,2019-20,29.0,8.8,3.2,1.2,2.3,52.2,0.1,0.4,33.3,0.7,1.1,61.3,1.0,1.8,2.8,0.6,0.7,0.1,0.3,0.7,8.0,0.0,0.0,-0.3,Jordan Bell
38,2019-20,43.0,21.3,5.8,2.4,5.3,45.6,0.3,1.5,23.1,0.6,1.1,54.2,0.8,2.7,3.5,1.9,1.4,1.3,0.4,2.0,16.6,2.0,0.0,-6.0,DeAndre' Bembry
39,2019-20,13.0,17.8,5.5,2.2,5.4,40.0,0.8,2.5,33.3,0.3,0.5,57.1,1.0,3.5,4.5,1.5,1.3,0.3,0.7,2.6,14.8,0.0,0.0,1.8,Dragan Bender
40,2019-20,50.0,29.4,15.2,4.9,11.2,43.5,3.6,8.5,42.6,1.8,2.1,86.8,0.7,4.0,4.7,1.7,1.1,0.7,0.6,2.5,26.4,1.0,0.0,0.0,Davis Bertans
41,2019-20,45.0,27.3,8.0,2.9,6.9,42.6,1.6,4.2,36.6,0.5,0.8,63.2,1.2,4.3,5.5,3.9,1.3,1.1,0.6,3.2,24.1,4.0,0.0,5.0,Patrick Beverley
42,2019-20,39.0,19.9,3.9,1.4,2.9,49.1,0.0,0.0,0.0,1.1,1.7,61.2,1.8,2.8,4.6,0.9,0.6,0.4,0.5,1.9,13.1,0.0,0.0,-2.4,Khem Birch
43,2019-20,46.0,8.5,3.0,1.2,2.6,47.1,0.1,0.7,16.1,0.5,0.7,71.0,0.5,1.5,2.0,0.5,0.5,0.1,0.7,1.2,8.0,1.0,0.0,-0.9,Goga Bitadze
44,2019-20,51.0,19.3,7.5,2.9,5.3,53.9,0.0,0.0,0.0,1.7,2.9,60.1,2.3,3.5,5.9,0.9,0.9,0.2,0.9,2.2,18.4,8.0,0.0,-3.0,Bismack Biyombo
45,2019-20,61.0,28.5,11.9,4.5,9.5,47.7,2.0,4.6,43.5,0.9,1.1,80.9,1.7,4.8,6.5,2.8,1.4,0.9,0.5,3.1,26.7,7.0,0.0,-0.5,Nemanja Bjelica
46,2019-20,53.0,27.0,15.3,5.6,11.7,47.8,1.3,3.6,35.1,2.8,3.4,82.8,0.8,3.9,4.7,5.4,2.5,0.9,0.5,2.1,30.7,2.0,0.0,8.6,Eric Bledsoe
47,2019-20,50.0,28.3,14.4,5.2,12.1,42.6,2.6,7.2,35.7,1.5,2.0,72.5,0.3,2.8,3.1,3.1,1.7,1.0,0.2,2.1,24.8,2.0,0.0,-1.0,Bogdan Bogdanovic
48,2019-20,59.0,33.3,20.5,6.7,15.0,44.6,3.1,7.4,41.7,4.0,4.4,90.1,0.6,3.5,4.2,2.1,2.5,0.6,0.1,1.8,28.1,0.0,0.0,4.8,Bojan Bogdanovic
49,Overall:,,,,,,,,,-,,,-,,,-,,,,,,,,,,Bol Bol
50,2019-20,7.0,6.7,1.4,0.6,1.6,36.4,0.0,0.6,0.0,0.3,0.6,50.0,0.4,0.9,1.3,0.0,0.3,0.4,0.3,1.4,4.8,0.0,0.0,0.1,Jonah Bolden
51,2019-20,1.0,2.8,0.0,0.0,0.0,0.0,0.0,0.0,0.0,0.0,0.0,0.0,0.0,2.0,2.0,0.0,0.0,1.0,0.0,1.0,5.4,0.0,0.0,4.0,Marques Bolden
52,2019-20,10.0,5.3,1.2,0.5,2.0,25.0,0.2,1.0,20.0,0.0,0.0,0.0,0.0,0.4,0.4,0.8,0.2,0.1,0.0,0.6,3.0,0.0,0.0,0.0,Jordan Bone
53,2019-20,55.0,17.6,4.5,1.6,3.2,51.4,0.4,1.0,39.6,0.9,1.1,80.0,1.1,2.2,3.3,1.1,0.7,0.6,0.4,2.4,12.3,0.0,0.0,0.3,Isaac Bonga
54,2019-20,59.0,36.1,25.9,8.7,17.9,48.7,2.0,5.6,35.7,6.5,7.1,91.7,0.4,3.7,4.1,6.4,3.9,0.7,0.2,3.0,39.5,9.0,0.0,0.8,Devin Booker
55,2019-20,53.0,13.4,6.5,2.2,4.8,46.1,0.5,1.8,29.2,1.5,1.9,79.6,1.8,2.8,4.5,0.4,0.4,0.4,1.0,1.9,16.2,4.0,0.0,1.7,Chris Boucher
56,2019-20,4.0,3.5,1.0,0.5,1.3,40.0,0.0,0.3,0.0,0.0,0.0,0.0,0.0,0.8,0.8,0.0,0.0,0.0,0.3,0.0,2.7,0.0,0.0,2.5,Brian BowenII
57,2019-20,44.0,22.5,7.4,2.9,7.2,41.0,0.7,2.4,30.5,0.8,0.9,82.9,0.5,2.1,2.7,3.0,1.6,1.0,0.2,2.2,17.1,0.0,0.0,-3.9,Ky Bowman
58,2019-20,46.0,23.7,8.4,3.4,7.6,44.9,1.2,3.3,36.7,0.4,0.5,81.8,0.4,1.9,2.3,1.3,0.9,0.9,0.1,2.2,15.1,0.0,0.0,3.1,Avery Bradley
59,2019-20,46.0,10.4,4.5,2.0,3.0,65.2,0.0,0.0,100,0.5,0.8,65.8,1.8,2.5,4.2,0.3,0.5,0.2,0.4,1.9,11.4,0.0,0.0,-0.3,Tony Bradley
60,2019-20,4.0,3.0,0.0,0.0,0.0,0.0,0.0,0.0,0.0,0.0,0.0,0.0,0.0,1.3,1.3,0.3,0.5,0.0,0.5,0.3,2.9,0.0,0.0,1.3,Jarrell Brantley
61,2019-20,9.0,5.9,1.9,0.7,2.4,27.3,0.1,1.0,11.1,0.4,0.6,80.0,0.2,0.3,0.6,0.4,0.2,0.0,0.1,0.3,3.3,0.0,0.0,-1.3,Ignas Brazdeikis
62,2019-20,62.0,26.6,8.4,3.1,6.1,50.8,0.8,2.4,35.1,1.3,1.6,83.7,0.9,3.0,3.9,1.7,1.0,1.5,0.6,2.2,20.7,0.0,0.0,0.4,Mikal Bridges
63,2019-20,61.0,30.8,13.2,5.0,11.6,43.2,1.6,4.7,34.2,1.6,2.0,80.7,1.4,4.1,5.5,1.7,1.5,0.6,0.7,2.0,25.0,4.0,0.0,-7.1,Miles Bridges
64,2019-20,19.0,7.1,1.9,0.7,1.9,36.1,0.2,0.8,20.0,0.4,0.5,80.0,0.5,0.9,1.4,0.4,0.4,0.2,0.1,0.9,4.6,0.0,0.0,1.8,Oshae Brissett
65,2019-20,17.0,10.6,4.2,1.3,3.5,37.3,1.2,3.0,39.2,0.4,0.5,87.5,0.3,2.2,2.5,0.6,0.4,0.3,0.2,0.9,9.4,0.0,0.0,0.5,Ryan Broekhoff
66,2019-20,47.0,31.1,16.6,6.1,13.9,44.0,1.3,4.1,31.4,3.1,3.4,89.5,0.9,3.9,4.8,7.3,2.4,0.7,0.2,1.9,33.3,9.0,0.0,2.3,Malcolm Brogdon
67,2019-20,61.0,28.5,15.7,5.8,14.3,40.3,2.0,5.5,36.7,2.2,2.7,81.2,1.0,2.4,3.3,2.0,1.6,0.9,0.4,3.8,25.0,0.0,0.0,-0.7,Dillon Brooks
68,2019-20,56.0,28.1,8.9,3.4,7.6,44.3,0.6,1.6,33.7,1.6,2.1,73.7,1.0,3.7,4.7,3.9,1.7,1.1,0.5,2.8,23.5,4.0,0.0,-2.2,Bruce Brown
69,2019-20,50.0,34.0,20.4,7.6,15.4,49.0,2.1,5.6,38.1,3.2,4.3,73.6,1.1,5.3,6.4,2.2,2.3,1.1,0.3,3.0,33.3,6.0,0.0,3.9,Jaylen Brown
70,2019-20,9.0,3.6,1.2,0.4,1.1,40.0,0.0,0.0,0.0,0.3,0.9,37.5,0.3,1.2,1.6,0.1,0.3,0.1,0.1,0.8,3.6,0.0,0.0,-3.7,Moses Brown
71,2019-20,43.0,14.3,4.8,1.7,4.6,37.1,0.8,2.4,32.4,0.6,0.8,78.8,0.6,3.0,3.6,1.0,0.8,0.5,0.1,1.0,11.6,1.0,0.0,2.5,Sterling Brown
72,2019-20,10.0,4.0,2.0,0.6,1.9,31.6,0.3,0.9,33.3,0.5,0.5,100,0.2,0.2,0.4,0.2,0.3,0.2,0.2,0.3,3.7,0.0,0.0,2.8,Charles BrownJr.
73,2019-20,57.0,24.9,9.8,3.8,8.4,45.6,0.8,2.4,33.3,1.4,1.8,76.0,1.1,4.3,5.3,2.3,1.0,1.3,0.1,1.8,22.8,4.0,0.0,-2.6,Troy BrownJr.
74,2019-20,57.0,17.9,8.2,3.2,6.8,46.6,0.8,2.1,35.8,1.1,1.3,81.3,0.4,2.0,2.4,3.3,1.2,0.4,0.1,1.3,16.2,2.0,0.0,3.0,Jalen Brunson
75,2019-20,35.0,23.9,12.4,5.0,8.3,60.5,0.6,1.4,40.0,1.7,2.4,72.6,2.0,4.9,6.9,2.0,1.3,0.4,0.9,2.2,26.1,7.0,0.0,-4.2,Thomas Bryant
76,2019-20,25.0,24.5,8.8,3.4,8.5,39.6,1.4,4.2,34.0,0.6,0.8,84.2,0.5,1.8,2.3,1.4,0.6,1.0,0.0,2.1,16.3,0.0,0.0,-4.5,Reggie Bullock
77,2019-20,25.0,13.1,5.9,2.4,5.1,46.5,0.6,1.5,42.1,0.5,0.7,72.2,0.6,0.8,1.4,2.1,0.5,0.3,0.0,0.8,11.2,0.0,0.0,1.5,Trey Burke
78,2019-20,56.0,27.8,15.3,4.9,12.1,40.2,1.7,4.6,36.4,3.9,4.3,89.7,0.7,3.8,4.5,2.9,1.4,1.0,0.3,2.1,27.4,1.0,0.0,-5.2,Alec Burks
79,2019-20,33.0,8.5,2.8,1.2,3.1,36.9,0.3,1.4,22.2,0.2,0.4,50.0,0.2,1.2,1.4,0.3,0.4,0.2,0.3,0.8,5.9,0.0,0.0,-2.2,Deonte Burton
80,2019-20,51.0,34.4,20.5,6.2,13.6,45.4,0.6,2.3,25.0,7.6,9.1,83.4,1.8,4.9,6.7,6.2,2.3,1.7,0.6,1.4,42.4,10.0,3.0,4.6,Jimmy Butler
81,2019-20,25.0,8.2,2.6,1.2,2.9,40.3,0.2,1.1,14.8,0.2,0.2,80.0,0.8,1.2,1.9,0.4,0.4,0.5,0.6,1.0,8.3,1.0,0.0,-1.1,Bruno Caboclo
82,2019-20,6.0,20.6,10.3,4.3,7.2,60.5,0.0,0.0,0.0,1.7,3.0,55.6,2.2,3.0,5.2,0.8,0.8,0.5,0.3,3.0,19.5,1.0,0.0,0.5,Devontae Cacok
83,2019-20,60.0,25.5,9.7,3.5,7.5,47.0,1.4,3.6,39.7,1.2,1.6,77.9,0.6,1.5,2.1,1.7,0.9,0.9,0.2,1.8,17.0,0.0,0.0,3.5,Kentavious Caldwell-Pope
84,2019-20,14.0,3.2,1.2,0.4,1.1,40.0,0.1,0.4,16.7,0.3,0.3,100,0.4,0.4,0.7,0.2,0.2,0.1,0.1,0.5,2.6,0.0,0.0,-0.6,Vlatko Cancar
85,2019-20,39.0,32.8,13.9,6.3,9.9,62.9,0.0,0.0,0.0,1.4,2.7,52.9,4.3,9.5,13.8,1.2,1.6,0.8,1.8,2.6,38.8,27.0,0.0,1.5,Clint Capela
86,2019-20,18.0,10.1,2.5,0.7,2.2,32.5,0.3,1.2,23.8,0.8,1.4,56.0,0.5,1.8,2.3,0.9,0.8,0.2,0.2,1.3,7.1,0.0,0.0,0.9,DeMarre Carroll
87,2019-20,47.0,14.6,4.3,1.6,3.9,40.2,0.9,2.1,40.6,0.3,0.4,78.9,0.5,1.3,1.8,1.3,0.6,0.8,0.2,1.5,10.9,0.0,0.0,-1.3,Jevon Carter
88,2019-20,56.0,14.5,4.8,1.7,5.0,34.4,1.0,3.3,29.0,0.4,0.5,79.3,0.3,1.8,2.1,0.8,0.6,0.4,0.4,1.5,10.6,0.0,0.0,-2.5,Vince Carter
89,2019-20,39.0,29.5,11.4,4.3,8.2,53.0,0.2,0.7,21.4,2.6,3.6,72.9,3.4,6.4,9.8,1.2,1.6,0.8,0.9,3.8,28.3,17.0,0.0,0.3,Wendell CarterJr.
90,2019-20,38.0,17.9,6.3,2.2,5.4,40.6,0.4,1.5,26.8,1.5,1.8,80.0,1.1,2.4,3.4,2.5,1.0,1.0,0.5,1.8,17.7,0.0,0.0,0.1,Michael Carter-Williams
91,2019-20,55.0,18.1,5.5,1.9,4.5,42.4,0.7,1.9,35.0,1.0,1.3,77.0,0.2,1.7,1.9,1.8,0.8,1.1,0.3,1.5,13.8,0.0,0.0,4.4,Alex Caruso
92,2019-20,50.0,21.0,7.5,3.3,5.8,57.4,0.0,0.0,0.0,0.8,1.3,61.9,1.6,4.3,5.9,1.3,0.8,1.0,1.2,2.4,22.2,3.0,0.0,-2.4,Willie Cauley-Stein
93,2019-20,26.0,8.4,1.3,0.5,0.7,77.8,0.0,0.0,0.0,0.2,0.5,46.2,1.0,1.6,2.5,0.2,0.3,0.2,0.3,1.2,6.0,0.0,0.0,1.2,Tyson Chandler
94,2019-20,31.0,21.0,6.1,2.2,5.4,41.3,1.1,3.5,30.8,0.6,0.7,85.7,0.4,3.8,4.2,1.1,1.0,0.5,0.4,2.2,14.5,0.0,0.0,-4.0,Wilson Chandler
95,2019-20,3.0,10.4,0.7,0.0,2.3,0.0,0.0,1.3,0.0,0.7,0.7,100,0.0,0.0,0.0,0.3,0.7,1.3,0.0,0.7,4.5,0.0,0.0,-5.7,Joe Chealey
96,2019-20,3.0,10.2,1.3,0.7,1.7,40.0,0.0,0.3,0.0,0.0,0.0,0.0,0.3,1.7,2.0,0.7,1.0,0.0,0.3,1.7,4.7,0.0,0.0,-10.0,Zylan Cheatham
97,2019-20,17.0,10.2,2.5,0.9,2.9,32.0,0.6,1.5,40.0,0.0,0.0,0.0,0.2,1.1,1.3,2.3,0.8,0.8,0.1,0.9,9.5,0.0,0.0,5.2,Chris Chiozza
98,2019-20,56.0,19.8,9.1,3.5,6.4,54.6,0.1,0.7,21.6,2.0,2.6,75.9,1.8,4.1,5.9,1.8,1.4,0.7,1.1,2.1,22.7,6.0,0.0,-3.8,Marquese Chriss
99,2019-20,32.0,12.7,3.5,1.2,3.1,38.8,0.9,2.6,33.3,0.3,0.3,88.9,0.8,1.7,2.5,0.4,0.1,0.1,0.4,0.9,8.7,0.0,0.0,-0.4,Gary Clark
100,2019-20,50.0,21.7,12.0,5.1,8.2,62.3,0.4,1.0,40.4,1.5,1.9,78.5,1.6,4.3,5.8,1.4,0.9,0.5,0.8,1.6,24.4,3.0,0.0,0.2,Brandon Clarke
101,2019-20,59.0,24.2,15.3,5.6,12.1,46.6,2.1,5.6,37.8,1.9,2.3,84.6,0.8,1.9,2.7,2.0,1.3,0.6,0.3,1.4,23.0,0.0,0.0,-0.9,Jordan Clarkson
102,2019-20,15.0,12.5,4.4,1.8,3.2,56.3,0.1,0.5,14.3,0.7,1.4,52.4,1.3,1.7,2.9,1.1,0.6,0.1,0.5,0.9,10.7,0.0,0.0,-4.5,Nicolas Claxton
103,2019-20,28.0,8.8,5.0,1.8,4.4,40.3,1.2,3.3,35.5,0.2,0.3,85.7,0.1,0.7,0.8,0.8,0.6,0.2,0.2,0.7,7.6,0.0,0.0,-1.7,Chris Clemons
104,2019-20,6.0,3.7,0.8,0.3,1.0,33.3,0.0,0.2,0.0,0.2,0.3,50.0,0.0,0.5,0.5,0.0,0.2,0.2,0.2,0.3,2.3,0.0,0.0,-1.8,Antonius Cleveland
105,2019-20,10.0,8.3,2.4,1.1,2.5,44.0,0.1,0.5,20.0,0.1,0.3,33.3,0.4,0.9,1.3,0.7,0.2,0.1,0.1,0.9,5.4,0.0,0.0,0.9,Amir Coffey
106,2019-20,37.0,32.7,21.1,8.5,14.6,57.9,1.5,3.6,40.6,2.8,3.4,81.0,2.7,7.3,10.1,1.5,1.9,0.7,1.6,3.4,40.6,19.0,0.0,-4.2,John Collins
107,2019-20,3.0,28.8,9.0,3.0,6.3,47.4,1.0,2.3,42.9,2.0,2.0,100,1.3,2.7,4.0,2.0,2.0,0.0,0.7,3.7,16.8,0.0,0.0,6.3,Zach Collins
108,2019-20,37.0,28.3,13.5,4.7,11.8,39.8,1.8,5.0,36.0,2.3,2.9,78.7,0.6,2.7,3.3,4.2,1.8,0.6,0.1,2.3,24.2,0.0,0.0,1.2,Mike Conley
109,2019-20,57.0,18.2,5.0,2.0,4.2,46.7,0.8,2.2,34.4,0.3,0.5,70.4,0.9,3.4,4.2,1.6,0.7,0.3,0.5,0.9,14.1,0.0,0.0,2.1,Pat Connaughton
110,2019-20,38.0,10.8,4.8,2.0,4.6,43.9,0.7,1.7,37.9,0.2,0.2,66.7,0.2,0.9,1.1,1.1,0.7,0.3,0.0,0.6,7.9,0.0,0.0,2.2,Quinn Cook
111,2019-20,11.0,3.2,1.7,0.6,0.9,70.0,0.0,0.0,0.0,0.5,0.5,83.3,0.4,0.5,0.9,0.1,0.1,0.1,0.0,0.4,3.1,0.0,0.0,-1.3,Tyler Cook
112,2019-20,58.0,29.9,12.9,4.5,10.5,43.2,2.4,6.9,35.0,1.4,1.8,80.6,0.8,5.6,6.4,1.2,1.4,1.6,1.2,3.1,29.3,5.0,0.0,0.7,Robert Covington
113,2019-20,37.0,17.6,4.6,1.7,4.8,35.6,1.0,3.2,30.3,0.3,0.4,71.4,0.3,1.8,2.1,0.9,0.5,0.4,0.1,1.3,9.6,0.0,0.0,-6.0,Allen Crabbe
114,2019-20,46.0,17.8,5.1,2.0,4.3,45.9,0.7,2.2,32.7,0.4,0.7,64.5,1.0,2.3,3.3,0.7,0.4,0.3,0.7,2.2,12.6,2.0,0.0,-2.9,Torrey Craig
115,2019-20,55.0,29.5,10.7,3.5,9.0,38.9,2.0,6.1,32.6,1.7,2.2,78.5,0.8,5.3,6.1,2.5,1.1,1.2,0.3,2.1,25.2,6.0,0.0,-2.3,Jae Crowder
116,2019-20,59.0,24.1,9.1,3.6,9.1,39.7,1.0,3.5,29.2,0.9,1.9,45.9,1.1,2.2,3.4,1.8,1.3,0.9,0.6,2.0,19.2,0.0,0.0,-1.9,Jarrett Culver
117,2019-20,57.0,24.5,12.4,4.4,9.0,49.3,2.3,5.1,44.8,1.3,1.5,84.9,0.5,1.9,2.4,2.0,1.0,0.6,0.1,1.7,19.6,0.0,0.0,2.7,Seth Curry
118,2019-20,4.0,28.0,20.3,6.8,16.5,40.9,2.3,9.3,24.3,4.5,4.5,100,1.0,4.0,5.0,6.5,3.8,1.3,0.5,2.5,37.5,1.0,0.0,-8.0,Stephen Curry
119,2019-20,41.0,11.1,4.2,1.5,3.9,39.2,1.0,2.7,35.7,0.2,0.4,62.5,0.3,0.8,1.1,0.3,0.2,0.2,0.1,0.7,6.7,0.0,0.0,0.0,Troy Daniels
120,2019-20,52.0,34.4,26.6,9.2,17.9,51.3,1.2,3.4,33.7,7.0,8.3,84.3,2.3,7.2,9.5,3.2,2.5,1.5,2.5,2.4,52.4,27.0,0.0,5.2,Anthony Davis
121,2019-20,25.0,10.7,1.3,0.6,1.4,41.2,0.0,0.0,0.0,0.2,0.4,45.5,1.2,2.6,3.8,0.3,0.5,0.4,0.4,2.2,8.1,0.0,0.0,-3.5,Ed Davis
122,2019-20,61.0,17.4,8.0,2.9,6.2,47.0,1.4,3.5,40.5,0.7,0.8,85.7,0.8,2.7,3.5,1.7,1.0,0.5,0.2,1.6,15.8,1.0,0.0,3.9,Terence Davis
123,2019-20,58.0,34.2,22.2,8.3,15.7,52.7,0.1,0.5,26.7,5.5,6.6,84.2,0.6,5.0,5.6,5.4,2.4,1.0,0.2,2.7,38.4,5.0,0.0,-2.1,DeMar DeRozan
124,2019-20,40.0,16.9,5.5,2.2,5.4,40.7,0.5,2.3,20.9,0.7,0.8,83.9,1.2,4.1,5.3,0.5,1.3,0.5,1.0,3.0,15.5,3.0,0.0,-0.2,Dewayne Dedmon
125,2019-20,53.0,12.7,2.8,1.0,2.8,35.6,0.3,1.4,21.1,0.5,0.6,86.7,0.3,0.8,1.1,2.7,0.9,0.3,0.0,1.3,8.3,0.0,0.0,0.0,Matthew Dellavedova
126,2019-20,56.0,22.9,9.0,3.4,7.5,45.5,1.2,3.6,33.5,1.0,1.3,76.1,1.0,3.8,4.9,2.2,1.2,1.3,0.3,1.6,21.8,1.0,0.0,7.2,Donte DiVincenzo
127,2019-20,41.0,10.4,4.8,2.0,3.0,66.1,0.0,0.0,50.0,0.7,0.9,85.7,0.6,2.2,2.8,0.5,0.7,0.2,0.3,1.3,9.7,1.0,0.0,-1.5,Cheick Diallo
128,2019-20,36.0,18.2,6.1,2.6,5.8,44.5,0.1,0.9,15.6,0.8,1.2,64.3,0.8,2.5,3.3,0.6,1.0,0.8,0.2,2.1,12.7,2.0,0.0,0.0,Hamidou Diallo
129,2019-20,54.0,17.4,7.6,2.8,6.1,45.9,0.9,2.6,35.7,1.1,1.4,77.3,1.5,4.1,5.7,1.2,0.9,0.9,1.0,2.0,20.7,9.0,0.0,-1.7,Gorgui Dieng
130,2019-20,60.0,31.2,20.8,6.8,16.2,41.6,2.0,6.3,31.0,5.4,6.9,77.5,0.5,3.0,3.5,6.8,2.7,0.6,0.3,2.8,35.3,9.0,0.0,0.9,Spencer Dinwiddie
131,2019-20,49.0,33.0,28.5,9.4,20.3,46.1,2.8,8.9,31.5,6.9,9.0,76.5,1.3,8.0,9.3,8.8,4.3,1.0,0.2,2.5,52.2,32.0,13.0,5.6,Luka Doncic
132,2019-20,26.0,21.5,6.2,2.2,5.2,41.9,0.7,2.5,28.8,1.0,1.3,79.4,0.5,1.2,1.7,0.7,0.5,0.8,0.0,2.6,11.4,0.0,0.0,1.5,Luguentz Dort
133,2019-20,47.0,17.5,6.7,2.5,6.0,41.8,1.3,3.4,36.6,0.5,0.7,68.8,0.2,1.7,1.9,1.2,0.4,0.5,0.1,0.9,12.0,0.0,0.0,-1.7,Damyean Dotson
134,2019-20,34.0,20.1,6.6,2.5,6.4,38.9,0.8,2.7,29.3,0.9,1.3,68.2,0.5,2.7,3.3,0.4,1.0,0.6,0.2,2.2,12.5,2.0,0.0,-4.1,Sekou Doumbouya
135,2019-20,20.0,11.6,4.3,1.8,4.5,40.0,0.4,1.4,25.0,0.4,0.6,63.6,0.3,1.3,1.5,1.5,0.6,0.4,0.3,1.4,9.5,0.0,0.0,-0.5,PJ Dozier
136,2019-20,50.0,28.5,16.3,5.5,12.3,44.5,2.2,5.8,38.4,3.1,4.1,76.1,0.5,2.6,3.1,5.1,2.4,0.6,0.2,1.9,27.4,3.0,0.0,2.1,Goran Dragic
137,2019-20,55.0,32.9,17.5,7.3,13.7,52.9,0.1,0.6,15.2,2.9,5.0,57.7,4.4,10.8,15.3,2.7,3.6,1.9,1.6,3.5,47.0,46.0,0.0,-3.7,Andre Drummond
138,2019-20,40.0,7.8,1.5,0.5,1.3,40.0,0.4,0.9,47.1,0.1,0.1,100,0.1,1.0,1.1,0.5,0.2,0.3,0.1,0.9,4.4,0.0,0.0,0.2,Jared Dudley
139,2019-20,51.0,24.9,7.3,3.0,6.7,44.4,0.6,2.2,25.9,0.8,1.1,74.1,0.5,3.2,3.6,3.4,1.3,2.0,0.3,3.1,22.4,0.0,0.0,-0.6,Kris Dunn
140,2019-20,35.0,9.0,3.0,1.1,3.2,32.7,0.6,1.9,30.9,0.3,0.4,84.6,0.2,1.1,1.2,0.6,0.4,0.3,0.1,0.9,6.1,0.0,0.0,-1.3,Carsen Edwards
141,2019-20,5.0,3.0,0.4,0.2,1.4,14.3,0.0,0.8,0.0,0.0,0.0,0.0,0.4,0.8,1.2,0.2,0.0,0.0,0.0,0.2,2.1,0.0,0.0,2.4,Henry Ellenson
142,2019-20,31.0,15.2,5.3,1.8,4.8,36.9,1.4,3.9,36.1,0.4,0.4,84.6,0.1,1.5,1.6,1.0,0.5,0.4,0.1,1.1,9.7,0.0,0.0,-1.2,Wayne Ellington
143,2019-20,43.0,30.3,23.3,7.5,15.9,47.2,1.3,3.7,34.2,7.0,8.6,81.4,2.7,9.0,11.8,3.1,3.0,0.9,1.3,3.4,45.7,33.0,0.0,2.8,Joel Embiid
144,2019-20,57.0,16.8,6.1,2.1,4.9,43.7,0.8,2.3,33.8,1.1,1.3,80.3,1.1,2.2,3.3,0.8,0.6,0.5,0.3,1.7,13.0,0.0,0.0,-0.1,James EnnisIII
145,2019-20,11.0,7.8,3.5,1.5,1.9,76.2,0.1,0.1,100,0.5,0.8,66.7,0.6,1.5,2.2,0.2,0.6,0.0,0.3,1.2,6.6,0.0,0.0,-4.8,Drew Eubanks
146,2019-20,29.0,14.4,4.4,1.6,4.6,33.6,0.4,1.3,33.3,0.9,1.0,86.2,0.3,1.1,1.4,1.1,0.9,0.4,0.4,1.4,9.2,0.0,0.0,-3.5,Jacob Evans
147,2019-20,35.0,13.9,4.5,1.6,3.4,47.1,0.4,1.2,34.9,0.9,1.2,74.4,0.3,1.6,1.9,1.1,0.9,0.4,0.2,1.1,9.5,0.0,0.0,-3.1,Dante Exum
148,2019-20,6.0,4.0,3.2,1.5,2.0,75.0,0.0,0.0,0.0,0.2,0.5,33.3,0.0,1.8,1.8,0.0,0.5,0.0,0.3,0.8,5.9,0.0,0.0,1.2,Tacko Fall
149,2019-20,42.0,24.1,9.3,4.2,6.8,61.9,0.0,0.1,16.7,0.8,1.4,59.3,3.2,6.7,10.0,1.7,1.1,0.6,1.0,2.2,27.3,15.0,0.0,2.2,Derrick Favors
150,2019-20,20.0,19.0,4.3,1.7,2.7,63.0,0.0,0.1,0.0,0.9,1.2,78.3,2.7,2.4,5.1,0.8,0.9,0.5,0.1,1.6,12.4,0.0,0.0,-2.7,Cristiano Felicio
151,2019-20,47.0,23.8,4.3,1.5,4.1,37.0,1.0,3.2,30.5,0.3,0.4,78.9,0.5,1.0,1.5,0.9,0.6,0.5,0.3,2.9,9.4,0.0,0.0,-2.4,Terrance Ferguson
152,2019-20,52.0,12.9,4.5,1.9,3.7,51.8,0.1,0.7,13.5,0.6,1.0,58.0,1.3,2.4,3.6,0.9,0.8,0.3,0.3,2.0,11.4,1.0,0.0,-1.6,Bruno Fernando
153,2019-20,43.0,11.2,4.3,1.6,3.9,39.9,0.4,1.6,27.9,0.7,0.8,85.7,0.1,1.0,1.1,1.4,0.6,0.3,0.1,0.7,8.3,0.0,0.0,-0.5,Yogi Ferrell
154,2019-20,62.0,29.8,9.4,3.3,7.2,46.6,1.5,4.1,37.4,1.1,1.6,72.2,2.0,3.6,5.6,1.6,1.0,0.7,0.6,2.4,21.3,3.0,0.0,4.4,Dorian Finney-Smith
155,2019-20,60.0,25.2,11.2,3.9,9.3,41.5,2.4,6.1,38.5,1.2,1.4,82.1,0.2,1.8,2.0,1.8,0.9,0.5,0.0,1.8,17.0,0.0,0.0,-3.2,Bryn Forbes
156,2019-20,60.0,31.7,18.9,6.7,14.3,46.7,2.7,6.7,40.3,2.8,3.4,81.8,0.3,2.3,2.6,3.2,2.0,1.1,0.2,2.4,28.8,0.0,0.0,-2.1,Evan Fournier
157,2019-20,42.0,31.7,20.4,7.4,15.4,47.7,1.1,3.4,31.9,4.6,6.7,68.1,0.7,3.3,4.0,6.7,3.2,1.5,0.5,2.9,37.9,7.0,0.0,-1.6,De'Aaron Fox
158,2019-20,8.0,8.2,1.8,0.5,1.4,36.4,0.3,1.0,25.0,0.5,0.8,66.7,0.1,0.3,0.4,0.1,0.3,0.3,0.0,1.6,2.9,0.0,0.0,-3.4,Michael Frazier
159,2019-20,27.0,13.1,3.6,1.3,3.5,36.2,0.4,1.1,33.3,0.7,0.9,79.2,0.3,0.9,1.2,3.4,1.3,0.5,0.1,1.6,10.9,0.0,0.0,-2.0,Tim Frazier
160,2019-20,15.0,3.4,1.2,0.4,1.1,35.3,0.3,0.5,57.1,0.1,0.3,50.0,0.1,0.2,0.3,0.1,0.2,0.3,0.1,0.5,2.6,0.0,0.0,0.1,Melvin FrazierJr.
161,2019-20,60.0,28.3,11.7,4.8,10.4,46.3,0.5,1.9,24.3,1.6,2.2,73.5,0.5,2.9,3.4,5.2,2.1,1.3,0.2,1.9,25.9,3.0,1.0,-1.1,Markelle Fultz
162,2019-20,24.0,7.7,2.0,0.7,1.7,40.0,0.2,0.7,23.5,0.5,0.7,68.8,0.6,1.0,1.6,0.3,0.6,0.3,0.3,1.3,5.4,0.0,0.0,-2.1,Wenyen Gabriel
163,2019-20,39.0,13.9,5.2,2.3,3.2,69.8,0.0,0.0,0.0,0.7,1.4,50.9,1.2,1.3,2.5,0.4,0.6,0.3,1.3,2.1,13.1,0.0,0.0,-1.2,Daniel Gafford
164,2019-20,52.0,30.7,19.2,5.9,13.5,43.9,3.0,7.3,41.1,4.3,4.8,89.2,0.6,4.9,5.5,2.1,1.3,0.7,0.1,1.2,30.0,3.0,0.0,3.1,Danilo Gallinari
165,2019-20,62.0,25.8,10.2,3.5,8.1,43.2,2.0,5.1,39.8,1.1,1.3,86.6,0.5,1.7,2.2,1.5,0.6,0.7,0.2,1.5,17.1,0.0,0.0,-1.8,Langston Galloway
166,2019-20,59.0,30.9,12.3,4.7,11.8,40.1,1.8,5.0,35.5,1.1,1.2,87.5,0.5,1.4,1.9,3.9,2.6,0.7,0.1,1.6,20.2,1.0,0.0,-5.0,Darius Garland
167,2019-20,35.0,27.8,7.8,2.8,6.6,42.4,1.4,3.5,40.3,0.7,1.0,72.2,0.8,5.6,6.5,3.5,1.2,0.8,0.9,2.9,24.7,3.0,0.0,6.9,Marc Gasol
168,2019-20,57.0,21.2,9.6,3.5,8.1,43.7,0.9,2.9,31.5,1.6,1.9,86.9,0.9,4.4,5.3,1.7,1.4,0.4,0.5,1.5,20.0,4.0,0.0,-0.1,Rudy Gay
169,2019-20,39.0,29.0,21.1,7.0,16.2,43.0,3.3,8.1,40.4,3.8,4.3,88.8,0.5,5.3,5.8,3.8,2.8,1.3,0.5,2.4,36.3,5.0,0.0,4.5,Paul George
170,2019-20,57.0,16.6,6.1,2.7,4.6,58.1,0.1,0.2,25.0,0.7,0.9,72.2,1.9,2.6,4.4,0.9,0.8,0.4,0.4,2.0,14.6,0.0,0.0,-4.2,Taj Gibson
171,2019-20,35.0,15.2,7.1,3.1,5.5,56.0,0.0,0.0,0.0,0.9,1.2,76.7,0.9,3.3,4.2,1.3,0.9,0.5,0.4,2.7,16.0,1.0,0.0,-2.0,Harry GilesIII
172,2019-20,61.0,35.4,19.2,7.0,14.9,46.6,1.2,3.5,34.9,4.1,5.1,80.0,0.7,5.5,6.2,3.3,1.9,1.1,0.7,1.7,35.0,9.0,1.0,2.0,Shai Gilgeous-Alexander
173,2019-20,58.0,34.6,15.4,5.8,8.4,69.6,0.0,0.0,0.0,3.7,5.9,61.9,3.5,10.5,14.0,1.5,2.0,0.7,2.0,3.1,40.6,43.0,0.0,5.0,Rudy Gobert
174,2019-20,32.0,12.9,6.2,2.3,5.7,39.9,0.8,2.6,30.1,0.9,0.9,93.3,0.3,1.9,2.2,1.5,0.8,0.3,0.1,1.3,11.7,0.0,0.0,-3.8,Brandon Goodwin
175,2019-20,54.0,32.8,14.4,5.4,12.5,43.3,1.2,4.0,31.3,2.4,3.5,67.2,1.8,5.8,7.6,3.5,1.6,0.8,0.6,2.0,31.3,17.0,1.0,-2.4,Aaron Gordon
176,2019-20,32.0,28.7,14.8,4.8,13.0,37.3,2.8,8.5,32.6,2.3,3.1,74.7,0.3,1.7,1.9,1.6,1.1,0.7,0.3,2.0,21.4,0.0,0.0,1.1,Eric Gordon
177,2019-20,59.0,35.0,17.6,5.6,15.1,37.4,3.4,9.2,36.6,3.0,3.7,80.7,0.7,2.8,3.5,7.5,2.9,0.9,0.3,1.9,33.7,16.0,0.0,-3.5,Devonte' Graham
178,2019-20,51.0,17.0,4.4,1.6,4.5,35.2,0.6,2.2,26.4,0.7,1.0,66.7,0.9,1.8,2.7,0.8,0.5,0.5,0.1,1.8,10.0,0.0,0.0,-2.6,Treveon Graham
179,2019-20,60.0,26.4,11.6,4.1,8.7,46.9,1.4,3.5,39.6,2.0,2.8,73.9,0.8,2.7,3.6,1.2,0.9,0.6,0.8,2.2,21.2,0.0,0.0,-1.1,Jerami Grant
180,2019-20,2.0,11.4,1.0,0.5,1.0,50.0,0.0,0.0,0.0,0.0,0.0,0.0,0.5,0.5,1.0,1.0,2.5,0.0,0.0,0.5,1.2,0.0,0.0,-3.5,Josh Gray
181,2019-20,58.0,24.9,8.4,3.0,7.1,42.3,1.9,5.0,37.8,0.6,0.8,72.7,0.7,2.7,3.4,1.4,0.9,1.2,0.5,2.1,18.8,0.0,0.0,5.0,Danny Green
182,2019-20,43.0,28.4,8.0,2.9,7.3,38.9,0.8,3.0,27.9,1.5,1.9,75.9,0.5,5.7,6.2,6.2,2.3,1.4,0.8,2.6,28.9,8.0,2.0,-4.5,Draymond Green
183,2019-20,52.0,20.6,6.3,2.2,5.4,40.8,1.3,3.7,36.1,0.6,0.8,73.8,1.3,4.9,6.3,0.7,0.8,0.5,0.4,2.7,16.7,6.0,0.0,2.8,JaMychal Green
184,2019-20,42.0,9.4,3.0,1.2,2.3,50.5,0.1,0.5,26.1,0.5,0.9,63.9,0.4,1.4,1.8,0.5,0.4,0.5,0.2,0.9,7.7,0.0,0.0,0.1,Javonte Green
185,2019-20,36.0,18.3,7.8,2.5,6.2,41.0,1.2,3.4,35.2,1.5,1.9,78.3,0.4,2.3,2.7,0.8,0.9,0.4,0.4,1.6,13.7,0.0,0.0,-2.0,Jeff Green
186,2019-20,18.0,28.5,15.5,4.9,13.9,35.2,1.5,6.2,24.3,4.2,5.4,77.6,0.9,3.7,4.7,3.3,2.2,0.4,0.4,1.5,26.1,2.0,0.0,-1.4,Blake Griffin
187,2019-20,39.0,11.9,4.2,1.5,3.8,39.3,0.6,2.0,29.9,0.6,0.6,92.0,0.3,1.4,1.8,1.1,0.9,0.3,0.2,0.8,8.7,0.0,0.0,-1.1,Marko Guduric
188,2019-20,2.0,2.0,1.0,0.5,1.0,50.0,0.0,0.5,0.0,0.0,0.0,0.0,0.0,0.0,0.0,0.0,0.0,0.0,0.0,0.0,1.0,0.0,0.0,-1.5,Kyle Guy
189,2019-20,37.0,29.4,14.1,5.7,11.5,49.4,0.5,1.9,29.0,2.2,2.7,82.8,1.5,4.5,6.0,1.6,1.0,0.8,0.1,2.2,25.6,3.0,0.0,-4.8,Rui Hachimura
190,2019-20,5.0,3.9,1.0,0.2,1.0,20.0,0.0,0.4,0.0,0.6,0.8,75.0,0.0,0.2,0.2,0.6,0.2,0.0,0.0,0.2,1.9,0.0,0.0,4.0,Devon Hall
191,2019-20,3.0,13.8,1.7,0.3,1.3,25.0,0.0,0.0,0.0,1.0,1.3,75.0,1.7,2.0,3.7,0.7,0.7,0.3,0.3,1.7,8.4,0.0,0.0,-6.0,Donta Hall
192,2019-20,2.0,6.7,6.0,2.0,4.5,44.4,1.0,1.5,66.7,1.0,1.0,100,0.0,0.5,0.5,0.0,0.0,0.0,0.0,0.5,6.6,0.0,0.0,2.5,Dusty Hannahs
193,2019-20,59.0,28.1,15.5,5.4,12.3,43.9,2.8,7.0,40.3,1.9,2.4,80.1,0.4,2.7,3.1,1.9,1.0,0.6,0.1,1.7,23.2,0.0,0.0,5.6,Tim HardawayJr.
194,2019-20,57.0,36.8,34.9,10.1,23.0,43.9,4.6,12.8,35.8,10.2,11.8,86.7,1.1,5.2,6.3,7.4,4.4,1.7,0.9,3.4,57.0,18.0,3.0,5.3,James Harden
195,2019-20,57.0,23.1,5.8,2.3,4.5,51.0,0.6,1.6,37.4,0.6,1.0,57.9,0.9,3.1,4.0,1.1,0.9,1.0,0.6,2.4,15.9,0.0,0.0,1.0,Maurice Harkless
196,2019-20,3.0,2.6,0.7,0.3,1.3,25.0,0.0,0.7,0.0,0.0,0.0,0.0,0.0,0.0,0.0,0.0,0.0,0.0,0.0,0.0,0.7,0.0,0.0,-3.7,Jared Harper
197,2019-20,60.0,27.9,18.7,7.6,13.0,58.0,0.0,0.3,0.0,3.6,5.5,65.2,2.7,4.4,7.1,1.7,1.7,0.7,1.1,2.3,33.3,11.0,0.0,4.0,Montrezl Harrell
198,2019-20,52.0,31.9,10.1,3.8,9.3,40.7,1.2,3.8,31.6,1.3,1.6,82.9,0.5,2.5,2.9,2.2,1.1,1.3,0.3,2.2,20.4,0.0,0.0,2.6,Gary Harris
199,2019-20,59.0,31.1,13.7,5.2,11.2,46.4,2.4,5.9,40.9,1.0,1.3,73.4,0.9,3.4,4.3,2.1,1.5,0.6,0.3,2.2,23.2,0.0,0.0,1.7,Joe Harris
200,2019-20,62.0,34.6,19.2,7.5,15.9,47.4,1.8,4.9,36.4,2.3,2.9,80.1,0.8,5.9,6.7,3.1,1.5,0.8,0.5,2.3,34.4,9.0,0.0,1.9,Tobias Harris
201,2019-20,39.0,9.1,3.9,1.5,3.3,44.9,0.2,0.8,26.7,0.8,1.0,77.5,0.4,1.2,1.6,0.9,0.4,0.6,0.3,1.0,9.5,1.0,0.0,1.7,Shaquille Harrison
202,2019-20,54.0,27.7,10.3,3.6,8.4,42.4,2.0,5.7,35.0,1.2,1.6,74.1,1.0,5.5,6.5,1.7,1.1,1.0,0.4,2.6,23.7,8.0,0.0,-0.9,Josh Hart
203,2019-20,23.0,11.6,4.7,1.9,2.9,65.7,0.0,0.2,0.0,0.8,1.2,67.9,1.3,2.7,3.9,0.8,0.7,0.4,0.5,1.8,12.6,2.0,0.0,1.7,Isaiah Hartenstein
204,2019-20,3.0,6.9,1.7,0.3,2.0,16.7,0.0,0.7,0.0,1.0,1.3,75.0,0.0,2.7,2.7,0.3,0.0,0.0,0.0,1.0,5.4,0.0,0.0,-4.7,Udonis Haslem
205,2019-20,55.0,17.2,7.6,2.8,4.3,66.2,0.0,0.1,25.0,2.0,3.1,63.0,1.5,2.6,4.1,0.9,0.7,0.4,1.0,2.6,17.3,3.0,0.0,-0.9,Jaxson Hayes
206,2019-20,43.0,33.2,16.9,6.7,13.2,50.3,1.6,4.1,38.3,2.0,2.4,85.4,1.0,5.5,6.5,4.1,1.8,0.7,0.4,1.7,32.5,7.0,0.0,6.3,Gordon Hayward
207,2019-20,37.0,14.9,5.4,2.3,4.2,54.5,0.2,0.9,20.6,0.6,1.2,50.0,1.2,2.9,4.1,1.4,0.8,0.6,1.1,1.9,16.8,1.0,0.0,-0.3,John Henson
208,2019-20,4.0,2.8,1.0,0.3,1.3,20.0,0.0,0.3,0.0,0.5,0.5,100,0.5,1.3,1.8,0.0,0.3,0.3,0.0,1.5,3.6,0.0,0.0,0.3,Dewan Hernandez
209,2019-20,44.0,16.2,5.6,2.0,4.8,40.4,0.8,2.5,34.3,0.9,1.4,62.3,0.9,2.8,3.7,0.8,0.7,0.3,0.2,1.2,12.3,3.0,0.0,-0.8,Juancho Hernangomez
210,2019-20,29.0,11.5,6.0,2.3,4.3,52.4,0.2,0.7,23.8,1.2,2.0,63.2,1.3,2.8,4.0,1.0,1.0,0.3,0.2,1.1,13.0,2.0,0.0,-0.4,Willy Hernangomez
211,2019-20,46.0,27.7,13.1,4.8,11.5,41.4,2.2,5.5,39.3,1.4,1.7,83.5,0.3,3.7,4.0,2.0,1.6,0.6,0.2,1.3,21.7,0.0,0.0,-0.1,Tyler Herro
212,2019-20,7.0,2.8,0.3,0.1,1.6,9.1,0.0,1.1,0.0,0.0,0.0,0.0,0.0,0.3,0.3,0.1,0.0,0.0,0.0,0.1,0.8,0.0,0.0,-0.9,Kevin Hervey
213,2019-20,43.0,16.3,4.5,1.6,4.0,40.6,0.3,1.3,26.8,1.0,1.2,82.4,0.6,3.0,3.6,0.9,0.7,0.6,0.1,2.1,11.6,1.0,0.0,-3.3,Mario Hezonja
214,2019-20,61.0,32.3,19.9,7.1,16.7,42.7,3.8,9.7,38.7,1.8,2.1,85.5,0.9,4.0,4.9,3.1,2.3,0.9,0.3,2.4,31.6,2.0,0.0,-0.8,Buddy Hield
215,2019-20,51.0,21.3,9.7,3.5,6.5,53.5,1.4,2.9,48.7,1.4,1.6,83.1,0.9,2.1,3.0,2.9,1.0,0.8,0.1,1.5,19.4,0.0,0.0,5.4,George Hill
216,2019-20,51.0,18.1,5.5,1.9,4.7,40.8,1.1,3.0,37.7,0.5,0.7,68.4,0.5,2.4,2.9,1.8,0.8,0.6,0.1,1.5,13.2,0.0,0.0,-1.3,Solomon Hill
217,2019-20,13.0,7.9,2.9,1.2,2.5,46.9,0.0,0.2,0.0,0.6,1.0,61.5,1.1,1.4,2.5,0.3,0.3,0.4,0.0,0.9,7.2,0.0,0.0,0.8,Jaylen Hoard
218,2019-20,54.0,23.0,9.6,3.6,8.6,41.3,1.5,3.6,40.7,1.0,1.2,87.5,0.4,1.9,2.2,3.4,1.3,0.7,0.2,1.8,18.9,2.0,0.0,1.9,Aaron Holiday
219,2019-20,52.0,34.8,19.2,7.6,16.9,44.7,2.0,5.8,35.3,2.1,3.0,69.7,1.2,3.5,4.8,6.9,2.9,1.7,0.8,2.2,39.7,10.0,1.0,0.1,Jrue Holiday
220,2019-20,61.0,25.1,8.4,2.9,6.6,43.9,1.9,4.4,42.4,0.7,1.0,77.6,0.5,2.7,3.2,1.4,0.6,1.1,0.6,1.8,19.1,0.0,0.0,1.1,Justin Holiday
221,2019-20,49.0,19.7,7.5,2.8,5.8,47.6,0.0,0.3,11.8,1.9,2.6,73.2,1.9,3.0,4.9,1.8,1.0,0.9,0.4,2.1,19.0,2.0,0.0,2.0,Rondae Hollis-Jefferson
222,2019-20,37.0,29.4,13.1,5.5,8.4,66.0,0.0,0.0,0.0,2.1,2.5,81.7,3.1,5.4,8.5,1.0,1.2,1.1,1.4,3.9,30.9,13.0,0.0,0.2,Richaun Holmes
223,2019-20,21.0,29.5,11.0,4.1,8.2,50.6,1.7,3.4,49.3,1.0,1.3,77.8,0.5,3.0,3.4,1.5,0.9,0.8,0.2,2.2,19.4,0.0,0.0,0.2,Rodney Hood
224,2019-20,57.0,30.6,11.6,4.6,10.8,43.2,1.4,4.3,32.8,0.9,1.2,73.9,1.5,5.2,6.7,3.9,1.0,0.9,0.9,2.2,30.1,4.0,0.0,1.2,Al Horford
225,2019-20,2.0,2.7,0.0,0.0,0.5,0.0,0.0,0.5,0.0,0.0,0.0,0.0,0.0,0.0,0.0,1.0,0.0,0.5,0.0,0.0,3.0,0.0,0.0,-3.5,Talen Horton-Tucker
226,2019-20,54.0,30.5,10.5,3.6,8.5,42.7,2.0,5.5,37.0,1.2,1.5,79.5,1.0,3.4,4.4,1.3,0.8,1.1,0.6,2.0,21.8,2.0,0.0,2.7,Danuel HouseJr.
227,2019-20,60.0,19.6,7.8,3.1,4.3,73.7,0.1,0.1,60.0,1.5,3.0,49.4,2.6,5.0,7.6,0.7,1.2,0.4,1.3,3.3,21.8,8.0,0.0,3.1,Dwight Howard
228,2019-20,2.0,6.6,0.0,0.0,2.0,0.0,0.0,2.0,0.0,0.0,0.0,0.0,0.0,1.0,1.0,0.5,0.5,0.0,0.0,0.5,1.5,0.0,0.0,-8.0,William Howard
229,2019-20,52.0,31.0,12.3,4.5,10.8,41.5,2.3,5.9,38.8,1.0,1.2,82.8,0.7,3.5,4.1,3.5,1.6,0.9,0.5,2.4,25.2,1.0,0.0,-4.2,Kevin Huerter
230,2019-20,59.0,31.9,12.4,4.5,10.9,41.3,1.7,4.8,35.3,1.7,2.2,77.7,0.6,3.7,4.3,1.8,1.6,0.7,0.3,2.8,21.8,2.0,0.0,-4.1,De'Andre Hunter
231,2019-20,28.0,18.8,7.8,2.9,6.3,45.7,0.4,1.4,31.6,1.6,2.8,59.0,0.6,3.2,3.9,0.9,1.0,1.0,0.3,1.7,16.5,0.0,0.0,-5.1,Chandler Hutchison
232,2019-20,47.0,27.1,15.9,6.4,12.4,51.8,1.3,3.2,38.8,1.7,2.4,73.0,2.1,6.0,8.0,1.3,2.0,0.5,0.8,2.8,29.5,16.0,0.0,1.7,Serge Ibaka
233,2019-20,10.0,18.3,4.2,1.7,3.6,47.2,0.7,1.9,36.8,0.1,0.4,25.0,1.0,2.9,3.9,1.8,1.3,0.3,0.9,1.9,13.9,0.0,0.0,-1.5,Andre Iguodala
234,2019-20,54.0,16.0,7.0,2.5,5.3,47.2,0.9,2.3,37.4,1.1,1.4,82.7,1.1,3.8,4.9,0.9,0.6,0.4,0.3,1.6,15.6,4.0,0.0,2.3,Ersan Ilyasova
235,2019-20,60.0,30.0,9.7,3.4,7.8,43.2,1.9,4.9,39.2,1.1,1.4,79.0,0.4,3.6,4.0,5.2,1.9,0.8,0.1,2.2,23.2,2.0,0.0,3.6,Joe Ingles
236,2019-20,53.0,34.1,24.6,8.5,18.0,47.1,2.5,6.3,39.3,5.2,6.0,86.3,0.8,5.3,6.2,4.3,3.1,1.0,0.7,2.8,40.4,8.0,0.0,-0.6,Brandon Ingram
237,2019-20,20.0,32.9,27.4,10.0,20.8,47.8,2.8,7.1,39.4,4.7,5.1,92.2,1.1,4.1,5.2,6.4,2.6,1.4,0.5,2.7,46.1,3.0,1.0,-0.4,Kyrie Irving
238,2019-20,32.0,29.7,12.0,4.7,10.1,46.3,0.9,2.8,33.0,1.8,2.3,76.7,1.8,5.2,6.9,1.4,1.5,1.6,2.4,2.5,32.9,5.0,0.0,0.3,Jonathan Isaac
239,2019-20,42.0,17.9,5.1,1.6,4.3,38.0,0.5,1.5,31.7,1.4,1.7,81.4,0.5,2.0,2.5,1.0,0.4,0.6,0.2,1.4,11.8,0.0,0.0,-0.1,Wes Iwundu
240,2019-20,48.0,12.7,5.5,1.9,4.9,39.2,0.7,2.3,31.5,0.9,1.2,76.3,0.4,0.9,1.3,0.8,0.8,0.3,0.1,1.3,8.6,0.0,0.0,-1.7,Frank Jackson
241,2019-20,14.0,19.8,8.6,3.1,7.5,41.0,1.0,3.2,31.1,1.5,2.1,72.4,0.7,2.9,3.6,1.5,1.3,0.9,0.5,1.9,18.3,0.0,0.0,0.9,Josh Jackson
242,2019-20,54.0,15.8,5.7,2.1,5.4,39.6,0.8,2.6,29.1,0.6,0.7,82.5,0.4,2.0,2.4,0.7,0.2,0.2,0.1,1.1,10.4,0.0,0.0,-0.6,Justin Jackson
243,2019-20,20.0,25.2,13.2,4.8,11.9,40.3,2.0,5.2,38.5,1.6,2.0,82.1,0.8,2.4,3.1,4.8,1.7,0.5,0.2,1.7,24.6,1.0,0.0,4.2,Reggie Jackson
244,2019-20,54.0,28.0,16.9,6.1,13.0,46.8,2.5,6.3,39.7,2.3,3.1,74.1,1.0,3.7,4.7,1.4,1.7,0.7,1.6,4.1,29.8,3.0,0.0,-2.1,Jaren JacksonJr.
245,2019-20,33.0,6.6,2.6,1.0,2.4,42.3,0.3,0.8,34.6,0.3,0.6,47.6,0.2,0.7,0.9,0.5,0.2,0.2,0.3,0.5,5.5,0.0,0.0,-0.5,Justin James
246,2019-20,57.0,34.9,25.4,9.7,19.6,49.7,2.2,6.3,35.1,3.8,5.4,69.3,1.0,6.8,7.8,10.7,4.0,1.2,0.5,1.7,52.0,41.0,13.0,8.1,LeBron James
247,2019-20,18.0,4.1,0.8,0.3,0.8,35.7,0.0,0.0,0.0,0.3,0.8,35.7,0.6,0.7,1.3,0.2,0.2,0.1,0.2,0.4,3.2,0.0,0.0,1.0,Amile Jefferson
248,2019-20,6.0,3.2,1.2,0.5,1.2,42.9,0.2,0.7,25.0,0.0,0.0,0.0,0.2,0.0,0.2,0.2,0.0,0.2,0.0,0.5,2.1,0.0,0.0,0.2,DaQuan Jeffries
249,2019-20,25.0,10.9,3.6,1.4,3.8,35.4,0.4,1.6,27.5,0.4,0.6,78.6,0.2,1.3,1.6,1.6,0.7,0.6,0.1,1.0,9.2,0.0,0.0,-4.0,Ty Jerome
250,2019-20,12.0,4.2,1.5,0.6,1.3,46.7,0.0,0.0,0.0,0.3,0.5,66.7,0.6,0.8,1.4,0.2,0.2,0.0,0.0,0.5,3.3,0.0,0.0,0.0,Alize Johnson
251,2019-20,8.0,5.8,1.6,0.6,2.3,27.8,0.1,0.8,16.7,0.3,0.3,100,0.1,0.6,0.8,0.3,0.4,0.3,0.0,0.0,3.3,0.0,0.0,-2.9,BJ Johnson
252,2019-20,49.0,20.3,8.1,2.8,6.6,41.8,1.9,4.7,39.7,0.7,0.9,76.1,0.8,2.1,2.9,1.1,0.6,0.6,0.3,1.5,15.4,0.0,0.0,-1.5,Cameron Johnson
253,2019-20,28.0,18.9,7.9,3.0,6.3,48.0,0.9,2.6,33.8,1.0,1.5,64.3,0.8,2.9,3.6,2.0,1.4,0.7,1.0,2.5,18.8,0.0,0.0,-2.3,James Johnson
254,2019-20,6.0,6.7,3.3,1.5,3.2,47.4,0.2,0.5,33.3,0.2,0.3,50.0,0.3,0.7,1.0,0.7,0.3,0.2,0.2,0.3,6.2,0.0,0.0,1.5,Keldon Johnson
255,2019-20,20.0,4.8,1.2,0.4,1.6,25.8,0.1,0.7,15.4,0.3,0.3,83.3,0.2,1.0,1.1,0.4,0.4,0.2,0.1,0.5,3.6,0.0,0.0,-0.6,Stanley Johnson
256,2019-20,31.0,16.6,5.7,2.1,5.5,38.0,0.8,2.7,28.9,0.8,1.0,75.0,0.3,1.4,1.7,1.6,0.8,0.4,0.3,1.4,11.3,0.0,0.0,-3.3,Tyler Johnson
257,2019-20,61.0,32.4,20.8,8.1,15.2,53.2,1.1,3.5,32.7,3.5,4.3,81.6,2.4,7.8,10.2,6.8,3.0,1.2,0.7,3.0,45.9,37.0,12.0,3.8,Nikola Jokic
258,2019-20,54.0,16.3,5.7,2.2,3.3,68.0,0.0,0.2,22.2,1.1,1.6,73.8,1.4,2.4,3.8,0.6,0.5,0.5,0.7,2.7,14.3,0.0,0.0,-4.6,Damian Jones
259,2019-20,61.0,18.9,7.2,3.0,6.4,46.6,0.7,1.8,36.7,0.6,0.8,72.0,0.1,1.4,1.6,4.4,0.9,0.9,0.1,0.6,17.8,0.0,0.0,-1.1,Tyus Jones
260,2019-20,47.0,24.3,8.7,3.1,6.3,50.2,0.7,2.4,27.2,1.8,2.2,80.0,1.1,3.0,4.1,1.1,0.6,1.0,0.7,2.2,19.9,0.0,0.0,-0.7,Derrick JonesJr.
261,2019-20,52.0,22.0,8.3,3.4,5.1,67.0,0.0,0.0,0.0,1.5,2.2,69.6,2.5,7.5,10.0,1.9,1.4,0.3,0.9,2.0,25.7,11.0,0.0,-0.9,DeAndre Jordan
262,2019-20,61.0,24.3,6.5,2.5,5.9,42.4,0.8,2.1,36.2,0.7,0.9,81.5,0.6,2.0,2.6,3.4,1.0,0.7,0.3,1.9,16.8,0.0,0.0,-0.8,Cory Joseph
263,2019-20,12.0,5.4,3.5,1.2,2.7,43.8,0.8,1.7,45.0,0.4,0.4,100,0.1,0.8,0.9,0.2,0.2,0.2,0.2,0.8,5.7,0.0,0.0,-0.1,Mfiondu Kabengele
264,2019-20,32.0,22.4,11.0,4.0,8.7,45.5,1.2,3.5,34.8,1.8,2.8,67.0,0.9,4.0,4.9,2.2,1.0,0.4,0.3,2.2,21.4,1.0,0.0,-1.0,Frank Kaminsky
265,2019-20,47.0,18.1,8.6,3.6,6.3,57.6,0.0,0.1,14.3,1.3,1.8,70.2,2.8,5.1,7.9,1.0,1.1,0.4,0.8,1.8,22.0,8.0,0.0,3.9,Enes Kanter
266,2019-20,28.0,32.9,15.8,5.4,12.2,44.2,2.6,6.5,39.9,2.4,2.7,89.3,0.3,3.2,3.5,4.1,1.5,0.4,0.2,2.3,26.5,0.0,0.0,-0.8,Luke Kennard
267,2019-20,4.0,3.8,0.0,0.0,0.8,0.0,0.0,0.3,0.0,0.0,0.0,0.0,0.0,0.8,0.8,0.3,0.5,0.0,0.0,0.8,0.8,0.0,0.0,-0.3,Stanton Kidd
268,2019-20,19.0,11.2,2.7,1.0,3.0,33.3,0.3,0.9,27.8,0.5,0.6,81.8,0.6,2.1,2.7,0.6,0.5,0.1,0.3,1.5,7.3,0.0,0.0,-0.4,Michael Kidd-Gilchrist
269,2019-20,10.0,6.2,2.0,0.8,2.1,38.1,0.4,1.1,36.4,0.0,0.3,0.0,0.1,0.9,1.0,0.5,0.2,0.2,0.0,1.0,4.4,0.0,0.0,1.9,Louis King
270,2019-20,61.0,25.0,9.2,3.2,7.0,46.5,1.6,4.2,38.0,1.1,1.3,86.3,1.6,3.8,5.4,1.1,0.7,0.3,1.2,2.3,21.0,2.0,0.0,2.1,Maxi Kleber
271,2019-20,22.0,16.5,6.6,2.2,6.2,36.0,1.7,4.9,34.3,0.5,1.0,47.8,0.1,1.2,1.4,2.4,1.5,0.4,0.1,1.5,11.8,0.0,0.0,-2.9,Brandon Knight
272,2019-20,60.0,18.1,6.6,2.3,6.3,36.3,1.0,3.1,32.6,1.0,1.6,65.3,0.4,2.4,2.8,1.0,0.7,0.3,0.4,1.6,12.8,0.0,0.0,-3.3,Kevin KnoxII
273,2019-20,11.0,9.6,3.3,1.5,2.2,66.7,0.3,0.6,42.9,0.1,0.2,50.0,0.8,1.6,2.5,1.1,0.2,0.5,0.3,0.3,10.1,0.0,0.0,1.5,John Konchar
274,2019-20,61.0,21.8,9.8,3.5,8.1,43.2,2.0,5.0,39.7,0.8,1.1,72.3,0.3,2.0,2.3,1.0,0.7,0.5,0.2,1.3,15.7,0.0,0.0,1.3,Furkan Korkmaz
275,2019-20,36.0,15.5,6.0,2.3,5.2,43.9,0.9,3.0,28.7,0.6,0.8,71.4,0.6,1.7,2.3,0.9,0.4,0.3,0.7,1.5,12.8,0.0,0.0,-1.2,Luke Kornet
276,2019-20,47.0,16.7,6.4,2.1,5.0,41.8,1.6,4.0,40.7,0.6,0.7,83.9,0.3,1.8,2.1,1.2,0.8,0.4,0.2,1.3,11.8,0.0,0.0,2.9,Kyle Korver
277,2019-20,37.0,13.0,4.3,1.6,3.5,46.5,0.7,1.6,41.0,0.4,0.6,62.5,0.5,2.1,2.6,0.8,0.9,0.5,0.1,1.8,9.4,0.0,0.0,-0.1,Rodions Kurucs
278,2019-20,51.0,24.7,12.6,4.7,11.0,43.2,1.4,4.4,30.8,1.7,2.4,72.1,0.9,3.4,4.3,1.3,1.6,0.4,0.4,1.9,20.3,2.0,0.0,3.1,Kyle Kuzma
279,2019-20,60.0,34.8,25.5,9.0,20.0,45.0,3.1,8.1,38.0,4.5,5.6,80.2,0.7,4.1,4.8,4.2,3.4,1.5,0.5,2.2,40.0,2.0,0.0,-3.2,Zach LaVine
280,2019-20,33.0,17.2,5.8,2.5,4.5,55.1,0.1,0.4,23.1,0.8,1.0,75.8,2.0,3.2,5.1,1.3,0.9,0.2,0.9,2.7,16.4,1.0,0.0,0.4,Skal Labissiere
281,2019-20,46.0,28.1,12.5,4.7,10.4,45.1,1.2,3.4,33.5,2.0,2.4,83.6,0.5,3.8,4.3,2.1,1.1,1.2,0.5,2.3,24.8,2.0,0.0,0.0,Jeremy Lamb
282,2019-20,23.0,10.9,2.7,1.0,2.3,41.5,0.2,0.9,23.8,0.6,0.9,66.7,0.3,0.6,1.0,0.2,0.3,0.3,0.3,1.1,5.6,0.0,0.0,1.8,Romeo Langford
283,2019-20,4.0,1.9,0.0,0.0,0.5,0.0,0.0,0.3,0.0,0.0,0.5,0.0,0.0,0.3,0.3,0.0,0.0,0.0,0.0,0.0,0.3,0.0,0.0,0.0,Vic Law
284,2019-20,19.0,23.0,9.2,3.6,8.3,43.0,1.2,3.4,33.8,0.8,1.2,69.6,0.6,1.9,2.6,0.7,1.1,0.8,0.5,2.1,16.2,0.0,0.0,0.7,Jake Layman
285,2019-20,35.0,28.5,17.3,6.3,15.4,41.1,1.8,4.7,37.6,2.9,4.0,71.9,1.0,2.7,3.7,3.8,2.6,1.1,0.1,1.9,28.8,0.0,0.0,-0.7,Caris LeVert
286,2019-20,24.0,7.9,3.0,1.3,2.9,43.5,0.2,0.6,35.7,0.3,0.5,58.3,0.9,1.8,2.7,0.3,0.3,0.3,0.1,0.8,7.7,1.0,0.0,-0.5,TJ Leaf
287,2019-20,4.0,6.6,2.5,1.0,2.5,40.0,0.0,1.0,0.0,0.5,0.5,100,0.0,0.0,0.0,0.5,0.3,0.0,0.0,0.5,3.0,0.0,0.0,-5.5,Jalen Lecque
288,2019-20,19.0,12.2,3.8,1.5,3.0,49.1,0.8,1.8,42.9,0.1,0.2,66.7,0.2,1.0,1.2,0.5,0.4,0.6,0.2,1.4,8.1,0.0,0.0,1.4,Courtney Lee
289,2019-20,46.0,28.7,12.3,4.2,10.2,41.0,1.6,4.7,35.0,2.3,2.6,88.2,0.7,4.2,4.8,2.7,1.3,1.0,0.1,2.3,24.3,3.0,0.0,-2.2,Damion Lee
290,2019-20,46.0,18.6,8.5,3.5,6.3,55.2,0.3,1.2,25.0,1.2,1.9,64.0,1.9,4.1,6.1,1.0,1.0,0.5,1.0,2.3,20.6,8.0,0.0,-2.1,Alex Len
291,2019-20,48.0,32.3,27.0,9.4,20.2,46.4,2.1,5.6,36.5,6.2,6.9,89.7,1.1,6.5,7.5,5.1,2.9,1.8,0.6,1.9,48.1,13.0,1.0,7.4,Kawhi Leonard
292,2019-20,49.0,20.1,6.1,2.4,4.6,52.0,1.0,2.4,42.9,0.3,0.5,65.4,0.6,4.5,5.1,1.1,0.7,0.3,0.3,2.1,14.8,2.0,0.0,1.9,Meyers Leonard
293,2019-20,54.0,37.0,29.5,9.4,20.4,46.0,3.9,10.0,39.3,6.8,7.7,88.9,0.5,3.8,4.4,7.9,2.9,1.0,0.3,1.7,47.6,16.0,1.0,0.9,Damian Lillard
294,2019-20,45.0,12.5,3.6,1.4,3.2,43.0,0.3,1.2,25.5,0.6,0.9,63.4,0.7,1.7,2.4,0.5,0.3,0.3,0.3,1.6,8.5,1.0,0.0,-1.4,Nassir Little
295,2019-20,20.0,13.1,3.4,1.5,4.0,36.7,0.1,0.7,7.1,0.5,0.6,75.0,1.4,1.9,3.3,1.0,0.6,0.6,0.3,1.7,11.0,0.0,0.0,-5.0,Kevon Looney
296,2019-20,58.0,26.6,11.0,4.0,9.4,42.3,1.4,4.7,29.2,1.6,2.0,81.9,0.7,3.8,4.5,1.6,1.0,0.7,2.5,2.4,27.3,3.0,0.0,8.2,Brook Lopez
297,2019-20,56.0,14.2,5.5,2.3,4.5,50.4,0.5,1.6,33.0,0.4,0.8,53.5,0.9,1.5,2.4,0.7,0.9,0.2,0.7,1.3,11.1,0.0,0.0,1.2,Robin Lopez
298,2019-20,52.0,31.3,17.4,5.8,12.8,45.3,2.6,6.8,37.9,3.2,3.8,84.8,0.9,8.8,9.6,3.1,2.5,0.6,0.3,1.5,34.0,21.0,0.0,-5.6,Kevin Love
299,2019-20,49.0,36.5,19.4,5.8,14.2,41.2,2.8,8.1,34.9,4.9,5.6,86.2,0.6,4.2,4.8,7.6,3.0,1.3,0.4,3.2,38.8,13.0,2.0,4.5,Kyle Lowry
300,2019-20,35.0,16.2,5.9,1.9,4.7,40.5,1.0,2.6,37.8,1.1,1.4,81.6,0.7,1.8,2.5,0.5,0.7,0.4,0.1,1.9,10.5,0.0,0.0,-1.7,Timothe Luwawu-Cabarrot
301,2019-20,60.0,19.6,6.0,2.3,5.2,44.2,0.9,2.5,37.1,0.4,0.6,70.3,1.2,4.5,5.7,1.1,0.6,0.4,0.4,1.5,16.3,1.0,0.0,-0.5,Trey Lyles
302,2019-20,4.0,3.5,0.8,0.3,0.8,33.3,0.3,0.5,50.0,0.0,0.0,0.0,0.0,0.0,0.0,0.3,0.5,0.0,0.0,0.3,0.6,0.0,0.0,0.0,Daryl Macon
303,2019-20,1.0,0.6,0.0,0.0,0.0,0.0,0.0,0.0,0.0,0.0,0.0,0.0,0.0,0.0,0.0,0.0,0.0,0.0,0.0,0.0,0.0,0.0,0.0,3.0,J.P. Macura
304,2019-20,8.0,4.7,1.5,0.6,1.9,33.3,0.1,0.5,25.0,0.1,0.3,50.0,0.1,0.6,0.8,0.6,0.6,0.4,0.1,0.5,4.2,0.0,0.0,0.1,Josh Magette
305,2019-20,38.0,21.3,7.4,2.7,5.5,49.5,0.1,0.7,19.2,1.8,3.0,61.9,2.1,3.7,5.7,1.3,1.2,0.8,1.2,3.0,21.0,1.0,0.0,-2.1,Ian Mahinmi
306,2019-20,56.0,12.7,4.6,1.5,3.1,50.0,0.4,1.0,34.5,1.2,1.8,66.7,0.9,1.9,2.8,0.7,0.8,0.4,0.6,1.6,11.2,2.0,0.0,-2.1,Thon Maker
307,2019-20,35.0,7.7,1.6,0.6,1.5,40.7,0.1,0.3,25.0,0.3,0.3,75.0,0.1,0.8,0.9,1.1,0.4,0.2,0.1,1.0,5.1,0.0,0.0,0.2,Terance Mann
308,2019-20,33.0,8.7,5.6,2.4,4.3,55.3,0.1,0.4,23.1,0.8,1.1,73.0,1.3,2.6,3.9,0.4,0.7,0.2,0.2,1.3,11.3,4.0,0.0,1.8,Boban Marjanovic
309,2019-20,46.0,30.3,15.0,5.1,12.0,42.4,2.2,6.4,34.4,2.7,3.2,82.6,1.2,5.2,6.5,1.5,1.7,0.8,0.5,2.0,27.4,3.0,0.0,-1.7,Lauri Markkanen
310,2019-20,14.0,14.9,3.9,1.5,3.9,38.2,0.6,1.5,42.9,0.3,0.5,57.1,0.6,1.6,2.2,1.0,0.8,0.4,0.3,1.6,9.2,0.0,0.0,0.1,Caleb Martin
311,2019-20,44.0,17.6,4.9,1.8,4.3,43.3,0.4,1.6,24.3,0.8,1.3,64.9,0.8,2.5,3.2,1.6,0.9,0.8,0.2,1.5,13.1,0.0,0.0,-1.4,Cody Martin
312,2019-20,2.0,5.5,1.0,0.5,2.0,25.0,0.0,0.0,0.0,0.0,0.0,0.0,0.0,0.5,0.5,0.5,0.0,0.5,0.0,0.0,3.9,0.0,0.0,1.5,Jeremiah Martin
313,2019-20,29.0,16.6,6.5,2.4,6.1,39.0,0.8,3.2,25.8,0.9,0.9,100,0.4,2.8,3.2,0.7,0.7,0.2,0.3,1.8,12.4,0.0,0.0,-1.0,Kelan Martin
314,2019-20,4.0,4.4,1.3,0.3,1.8,14.3,0.3,1.0,25.0,0.5,1.0,50.0,0.3,0.3,0.5,1.3,0.3,0.3,0.0,0.5,4.2,0.0,0.0,4.3,Frank Mason
315,2019-20,16.0,12.6,5.8,1.4,3.1,46.0,1.1,2.6,42.9,1.8,2.0,90.6,0.4,1.1,1.4,0.6,0.4,0.2,0.1,1.6,8.8,0.0,0.0,2.9,Garrison Mathews
316,2019-20,58.0,24.6,7.5,2.6,6.4,40.1,1.6,4.4,37.0,0.8,1.0,75.9,0.3,2.2,2.5,1.5,0.7,0.6,0.2,1.4,14.3,0.0,0.0,7.3,Wesley Matthews
317,2019-20,34.0,24.3,4.9,1.9,4.5,42.5,0.6,1.9,34.4,0.4,0.5,72.2,0.6,1.7,2.2,2.1,0.8,1.0,0.1,1.6,13.4,1.0,0.0,-0.2,Patrick McCaw
318,2019-20,58.0,36.0,22.5,8.9,19.6,45.1,2.9,7.4,38.6,1.9,2.6,75.3,0.7,3.4,4.1,4.2,1.9,0.7,0.6,2.5,35.9,4.0,0.0,0.2,CJ McCollum
319,2019-20,59.0,18.8,6.4,2.9,5.7,51.2,0.1,0.2,30.8,0.5,0.6,83.3,0.5,2.1,2.6,5.0,1.3,0.7,0.2,1.1,18.3,2.0,0.0,0.8,T.J. McConnell
320,2019-20,12.0,17.1,5.2,1.9,4.3,45.1,0.6,1.6,36.8,0.8,1.0,75.0,1.0,3.3,4.3,0.8,0.5,0.6,0.3,2.2,13.5,0.0,0.0,-1.7,Jalen McDaniels
321,2019-20,61.0,20.0,10.3,3.9,7.9,48.7,1.9,4.3,43.9,0.7,0.8,82.4,0.4,2.2,2.5,1.1,0.7,0.1,0.1,1.7,14.9,0.0,0.0,2.0,Doug McDermott
322,2019-20,58.0,16.8,6.9,3.0,4.7,64.9,0.1,0.1,50.0,0.8,1.2,65.2,1.8,4.0,5.8,0.6,0.8,0.5,1.6,2.4,20.0,2.0,0.0,3.1,JaVale McGee
323,2019-20,47.0,15.4,3.2,1.3,3.2,39.1,0.4,1.6,27.6,0.3,0.6,50.0,0.5,2.1,2.6,0.6,0.4,0.5,0.2,1.4,8.8,0.0,0.0,0.2,Rodney McGruder
324,2019-20,37.0,14.3,4.3,1.7,4.1,41.4,0.3,1.6,20.3,0.5,0.8,69.0,0.8,1.9,2.8,0.4,0.6,0.6,0.2,1.7,9.7,1.0,0.0,-1.7,Alfonzo McKinnie
325,2019-20,26.0,19.2,7.5,2.8,5.8,48.0,1.0,2.6,39.7,0.9,1.3,69.7,0.2,1.5,1.7,4.0,0.9,1.2,0.2,0.9,18.6,2.0,0.0,-1.7,Jordan McLaughlin
326,2019-20,60.0,23.2,10.2,3.4,7.7,44.9,2.5,6.4,39.7,0.8,1.0,75.0,0.3,1.9,2.2,0.9,0.8,0.6,0.2,2.1,15.9,1.0,0.0,3.9,Ben McLemore
327,2019-20,33.0,20.8,11.5,4.1,9.8,41.8,1.3,3.3,38.2,2.0,2.6,77.0,0.5,2.8,3.3,2.6,1.2,0.6,0.5,1.9,21.6,0.0,0.0,-1.2,Jordan McRae
328,2019-20,49.0,16.6,6.8,2.4,5.2,46.2,1.2,3.3,37.7,0.8,1.0,75.5,0.7,2.3,3.0,1.1,0.8,0.6,0.4,1.9,14.1,0.0,0.0,-1.4,Nicolo Melli
329,2019-20,48.0,19.1,8.1,2.9,6.7,42.7,0.6,2.0,30.6,1.8,2.2,82.1,0.7,3.0,3.7,3.0,1.5,1.3,0.3,1.8,20.3,0.0,0.0,2.6,De'Anthony Melton
330,2019-20,16.0,4.5,2.9,1.3,2.2,57.1,0.0,0.1,0.0,0.4,0.5,75.0,0.6,1.0,1.6,0.4,0.3,0.1,0.3,0.3,6.0,0.0,0.0,0.8,Chimezie Metu
331,2019-20,52.0,29.9,20.9,7.6,15.2,50.3,2.4,5.6,43.0,3.2,3.6,90.8,0.8,5.5,6.3,4.1,2.0,1.0,0.1,2.2,35.9,5.0,0.0,9.2,Khris Middleton
332,2019-20,1.0,19.0,6.0,2.0,3.0,66.7,0.0,0.0,0.0,2.0,2.0,100,2.0,5.0,7.0,0.0,0.0,0.0,0.0,5.0,14.4,0.0,0.0,8.0,Eric Mika
333,2019-20,10.0,16.1,6.4,1.9,5.9,32.2,1.1,3.5,31.4,1.5,2.0,75.0,0.4,0.8,1.2,1.2,0.4,1.0,0.4,1.4,13.4,0.0,0.0,-0.8,CJ Miles
334,2019-20,25.0,5.0,0.9,0.3,1.0,33.3,0.2,0.8,31.6,0.0,0.2,16.7,0.0,0.5,0.6,0.3,0.1,0.2,0.1,0.5,2.7,0.0,0.0,2.1,Malcolm Miller
335,2019-20,60.0,22.9,11.8,4.0,9.4,42.4,2.4,6.4,38.1,1.5,1.7,85.4,0.3,1.3,1.6,1.8,0.8,0.9,0.1,1.5,18.4,0.0,0.0,1.9,Patty Mills
336,2019-20,40.0,24.3,12.0,4.2,8.6,48.4,1.1,2.4,43.8,2.6,3.1,83.6,2.1,3.9,5.9,1.6,1.3,0.9,0.7,2.9,24.7,4.0,0.0,5.9,Paul Millsap
337,2019-20,29.0,18.2,8.9,3.1,6.3,49.5,1.5,3.2,45.7,1.2,1.5,77.3,0.3,1.8,2.1,2.1,1.2,0.5,0.2,2.0,15.4,0.0,0.0,0.0,Shake Milton
338,2019-20,59.0,34.4,24.7,9.1,19.8,45.9,2.5,6.8,36.8,4.0,4.7,85.5,0.7,3.8,4.5,4.2,2.7,1.0,0.2,2.5,37.3,1.0,0.0,2.1,Donovan Mitchell
339,2019-20,3.0,14.2,4.7,2.0,5.3,37.5,0.7,3.7,18.2,0.0,0.0,0.0,0.0,2.0,2.0,2.3,0.7,0.3,0.3,0.3,11.9,0.0,0.0,6.0,Naz Mitrou-Long
340,2019-20,11.0,10.2,2.9,1.1,2.5,42.9,0.5,1.4,40.0,0.2,0.4,50.0,0.6,0.3,0.9,0.4,0.2,0.4,0.0,1.5,5.5,0.0,0.0,4.5,Adam Mokoka
341,2019-20,55.0,21.3,10.3,3.9,8.9,43.4,1.1,3.7,28.4,1.5,1.8,82.0,0.5,2.4,2.9,2.1,1.4,0.5,0.3,1.3,17.6,1.0,0.0,-4.2,Malik Monk
342,2019-20,3.0,1.9,0.7,0.3,0.7,50.0,0.0,0.3,0.0,0.0,0.0,0.0,0.0,0.3,0.3,0.3,0.0,0.3,0.3,0.3,3.6,0.0,0.0,0.3,Matt Mooney
343,2019-20,48.0,19.1,8.8,3.5,8.3,42.5,1.2,3.2,38.1,0.6,0.9,65.9,0.6,1.9,2.5,1.5,0.7,0.6,0.2,1.5,15.6,0.0,0.0,-0.3,E'Twaun Moore
344,2019-20,55.0,29.9,17.6,6.7,13.6,49.3,0.8,2.3,35.2,3.5,4.5,76.9,0.7,2.7,3.4,7.0,3.2,0.9,0.3,1.6,32.6,11.0,1.0,-0.4,Ja Morant
345,2019-20,16.0,4.6,1.2,0.6,1.1,52.9,0.1,0.3,20.0,0.0,0.0,0.0,0.3,0.9,1.2,0.1,0.2,0.0,0.1,0.4,2.8,0.0,0.0,1.2,Juwan Morgan
346,2019-20,49.0,21.8,10.5,3.8,8.5,44.6,1.6,4.2,39.2,1.3,1.7,78.3,0.6,3.2,3.8,1.5,1.5,0.6,0.3,2.3,18.3,1.0,0.0,-2.2,Markieff Morris
347,2019-20,61.0,21.5,8.5,3.4,7.5,46.2,0.8,2.2,38.1,0.8,0.9,80.7,0.3,1.5,1.8,3.6,0.7,0.8,0.2,1.0,18.4,0.0,0.0,1.2,Monte Morris
348,2019-20,52.0,31.8,18.0,6.1,13.9,43.9,2.5,5.9,41.8,3.3,4.0,82.5,1.0,4.2,5.2,1.4,1.7,0.8,0.5,2.9,28.4,3.0,0.0,-1.3,Marcus MorrisSr.
349,2019-20,13.0,3.2,2.2,0.8,1.2,73.3,0.1,0.1,100,0.4,0.5,71.4,0.2,0.5,0.8,0.6,0.4,0.2,0.0,0.5,4.3,0.0,0.0,0.2,Johnathan Motley
350,2019-20,47.0,15.9,7.4,2.9,6.1,47.0,0.6,1.6,36.0,1.1,1.5,75.4,0.4,2.1,2.4,2.3,1.4,0.4,0.2,1.3,14.2,0.0,0.0,0.5,Emmanuel Mudiay
351,2019-20,56.0,24.8,10.6,4.4,9.0,48.5,0.6,1.5,39.3,1.3,1.7,79.8,1.1,4.6,5.8,4.1,1.9,1.7,0.3,2.2,27.6,4.0,0.0,-3.0,Dejounte Murray
352,2019-20,51.0,32.6,18.7,6.9,15.3,45.3,1.8,5.4,34.3,3.0,3.4,88.9,0.7,3.2,3.9,4.7,2.2,1.2,0.3,1.7,32.7,2.0,0.0,4.9,Jamal Murray
353,2019-20,35.0,11.5,4.2,1.4,4.0,36.0,0.4,1.9,23.1,0.9,1.3,75.0,0.5,1.5,2.0,0.9,0.8,0.4,0.0,0.7,8.4,0.0,0.0,-1.2,Dzanan Musa
354,2019-20,40.0,12.2,4.7,1.6,4.0,40.5,1.1,3.0,36.1,0.5,0.6,81.8,0.3,2.0,2.3,0.9,0.4,0.2,0.3,1.2,9.9,0.0,0.0,-0.2,Mike Muscala
355,2019-20,52.0,22.4,8.9,2.9,7.0,42.1,2.0,4.9,41.4,1.0,1.1,86.4,0.3,1.4,1.8,1.7,1.1,0.7,0.1,1.5,14.7,0.0,0.0,0.1,Svi Mykhailiuk
356,2019-20,45.0,15.6,5.9,2.1,4.5,45.8,0.8,2.2,35.7,1.0,1.3,76.7,0.3,1.5,1.8,0.7,0.8,0.4,0.4,1.4,10.7,0.0,0.0,-1.2,Abdel Nader
357,2019-20,52.0,25.5,9.7,3.9,7.5,52.3,0.9,2.8,33.8,0.8,1.2,69.4,1.8,5.4,7.3,2.1,1.0,0.9,0.4,1.7,24.5,10.0,0.0,-3.0,Larry NanceJr.
358,2019-20,47.0,23.5,9.8,3.2,7.9,41.1,1.3,4.2,31.2,2.0,2.4,82.6,0.5,2.3,2.8,4.9,2.1,1.2,0.2,1.8,22.7,2.0,1.0,-1.0,Shabazz Napier
359,2019-20,47.0,11.2,3.9,1.5,3.5,43.6,0.5,1.4,37.3,0.4,0.5,81.8,0.2,0.8,1.1,1.5,0.8,0.4,0.1,0.8,8.4,0.0,0.0,0.4,Raul Neto
360,2019-20,1.0,3.7,2.0,0.0,2.0,0.0,0.0,1.0,0.0,2.0,2.0,100,0.0,0.0,0.0,0.0,1.0,0.0,0.0,0.0,1.0,0.0,0.0,-3.0,Malik Newman
361,2019-20,54.0,13.4,5.8,2.1,4.5,45.5,1.3,3.1,41.8,0.4,0.4,86.4,0.2,1.7,2.0,0.6,0.5,0.2,0.1,1.1,9.5,0.0,0.0,-1.3,Georges Niang
362,2019-20,52.0,18.4,7.8,3.2,4.6,68.8,0.0,0.1,33.3,1.4,1.8,76.6,1.5,3.4,4.9,1.0,1.0,1.1,1.5,2.6,21.8,3.0,0.0,0.2,Nerlens Noel
363,2019-20,5.0,8.2,2.0,0.6,2.4,25.0,0.6,1.6,37.5,0.2,0.2,100,0.0,1.2,1.2,0.6,0.6,0.4,0.0,0.8,4.9,0.0,0.0,-5.4,Zach NorvellJr.
364,2019-20,12.0,10.4,3.8,1.3,3.9,34.0,0.3,2.0,12.5,0.9,1.0,91.7,0.3,0.7,0.9,1.2,0.3,0.0,0.1,0.6,6.7,0.0,0.0,0.8,Jaylen Nowell
365,2019-20,52.0,20.9,6.0,2.2,5.7,38.9,0.7,2.4,30.9,0.8,0.9,87.2,0.4,1.8,2.2,3.0,1.3,0.9,0.3,2.5,15.6,0.0,0.0,-1.7,Frank Ntilikina
366,2019-20,58.0,30.1,15.8,6.2,13.8,45.1,2.0,5.7,35.5,1.3,1.6,83.7,0.3,2.4,2.7,3.5,1.6,0.8,0.2,2.3,25.8,0.0,0.0,2.1,Kendrick Nunn
367,2019-20,20.0,13.4,5.2,1.9,3.6,52.1,0.6,1.4,42.9,0.9,1.4,66.7,0.4,1.9,2.3,0.4,0.4,0.6,0.6,1.6,11.6,0.0,0.0,1.8,David Nwaba
368,2019-20,60.0,29.0,6.3,2.2,4.9,45.2,1.3,3.1,41.2,0.6,0.8,75.6,0.4,4.9,5.3,2.5,0.8,0.8,0.4,2.8,19.1,2.0,0.0,3.7,Royce O'Neale
369,2019-20,25.0,10.2,3.5,1.4,2.9,48.6,0.3,0.9,30.4,0.4,0.8,52.6,1.3,2.6,3.8,1.4,0.7,0.2,0.9,1.4,12.7,1.0,0.0,-1.9,Kyle O'Quinn
370,2019-20,57.0,14.1,2.8,0.9,2.3,39.7,0.5,1.4,35.8,0.4,0.5,88.9,0.4,1.5,1.8,0.5,0.2,0.3,0.1,1.1,6.7,0.0,0.0,-0.3,Semi Ojeleye
371,2019-20,28.0,15.1,7.6,3.1,5.1,61.1,0.0,0.1,50.0,1.3,2.1,63.8,1.6,2.6,4.3,1.3,1.3,0.3,0.7,2.3,16.2,2.0,0.0,-4.0,Jahlil Okafor
372,2019-20,52.0,13.3,4.1,1.4,3.4,40.4,0.5,1.3,36.2,0.9,1.3,68.7,0.3,1.4,1.7,2.1,0.7,0.5,0.1,0.9,10.2,0.0,0.0,-0.9,Elie Okobo
373,2019-20,58.0,24.7,8.7,2.8,6.5,42.7,0.7,2.5,25.9,2.5,3.1,79.1,1.4,2.9,4.3,1.6,1.4,1.1,0.4,2.2,19.5,0.0,0.0,-2.2,Josh Okogie
374,2019-20,5.0,5.2,1.4,0.6,1.0,60.0,0.0,0.2,0.0,0.2,0.4,50.0,0.2,0.8,1.0,0.2,0.2,0.4,0.2,0.4,4.5,0.0,0.0,-3.0,KZ Okpala
375,2019-20,10.0,25.5,12.0,4.3,11.7,36.8,1.4,5.3,26.4,2.0,2.6,76.9,0.7,2.0,2.7,2.4,2.0,0.8,0.1,1.3,19.5,0.0,0.0,-1.9,Victor Oladipo
376,2019-20,55.0,19.1,7.9,2.6,5.5,47.4,1.4,3.3,43.0,1.2,1.4,84.8,0.7,3.9,4.5,1.7,1.1,0.7,0.3,2.5,17.7,3.0,0.0,1.3,Kelly Olynyk
377,2019-20,4.0,2.3,0.0,0.0,0.0,0.0,0.0,0.0,0.0,0.0,0.0,0.0,0.0,0.5,0.5,0.0,0.3,0.0,0.0,0.0,0.4,0.0,0.0,-3.0,Miye Oni
378,2019-20,61.0,28.9,10.8,4.0,9.1,44.5,1.8,4.8,37.8,0.9,1.4,64.3,0.5,3.0,3.5,2.4,1.4,0.8,0.2,2.4,20.2,2.0,0.0,-5.4,Cedi Osman
379,2019-20,56.0,34.5,18.7,6.7,14.8,45.2,1.9,5.5,35.2,3.4,4.4,78.0,1.2,5.3,6.4,1.5,1.5,1.3,0.7,3.4,33.2,9.0,0.0,-0.5,Kelly OubreJr.
380,2019-20,3.0,5.1,1.3,0.3,1.7,20.0,0.0,0.7,0.0,0.7,0.7,100,0.7,0.3,1.0,0.0,0.0,0.3,0.0,0.3,3.5,0.0,0.0,-5.3,Tariq Owens
381,2019-20,3.0,14.8,8.3,3.7,7.3,50.0,1.0,2.3,42.9,0.0,0.3,0.0,0.3,0.7,1.0,2.7,1.3,0.3,0.0,2.7,13.2,0.0,0.0,0.0,Jeremy Pargo
382,2019-20,33.0,25.8,14.7,6.0,12.1,49.9,0.9,3.5,26.7,1.7,2.2,74.3,1.6,4.3,5.9,1.8,1.8,1.3,0.5,2.8,27.8,2.0,0.0,-4.1,Jabari Parker
383,2019-20,5.0,10.8,2.8,1.0,3.6,27.8,0.8,2.8,28.6,0.0,0.0,0.0,0.2,1.2,1.4,0.6,0.6,0.8,0.2,0.6,7.8,0.0,0.0,-8.0,Chandler Parsons
384,2019-20,57.0,27.4,13.8,5.3,10.6,49.5,0.6,2.1,29.2,2.6,3.5,76.6,1.4,3.2,4.7,1.9,1.6,0.6,0.2,2.1,23.0,4.0,0.0,-6.4,Eric Paschall
385,2019-20,22.0,17.6,6.5,2.5,4.7,53.4,0.0,0.1,0.0,1.5,2.4,61.5,1.7,2.6,4.3,0.8,1.0,0.4,0.5,2.7,14.4,0.0,0.0,0.5,Anzejs Pasecniks
386,2019-20,49.0,12.1,4.7,1.5,3.7,40.4,1.1,2.8,38.4,0.6,0.7,79.4,0.6,1.8,2.4,0.6,0.3,0.1,0.1,0.8,8.7,0.0,0.0,1.7,Patrick Patterson
387,2019-20,5.0,4.8,1.8,0.8,2.0,40.0,0.2,0.8,25.0,0.0,0.0,0.0,0.2,0.8,1.0,0.4,0.4,0.0,0.0,0.8,3.2,0.0,0.0,-3.2,Justin Patton
388,2019-20,60.0,31.7,17.5,6.2,12.7,48.5,1.6,4.5,36.0,3.6,4.0,89.5,0.3,4.6,5.0,6.7,2.1,1.5,0.1,2.2,36.3,9.0,0.0,4.4,Chris Paul
389,2019-20,40.0,27.6,9.5,4.2,9.8,42.6,0.4,1.6,21.5,0.9,1.7,53.0,1.1,3.5,4.6,7.1,2.1,1.6,0.4,2.1,29.6,5.0,1.0,-1.6,Elfrid Payton
390,2019-20,26.0,15.8,4.3,1.8,4.3,42.0,0.5,1.7,30.2,0.2,0.3,50.0,1.0,1.8,2.8,1.7,0.7,1.2,0.3,1.8,14.0,1.0,0.0,-5.5,Gary PaytonII
391,2019-20,19.0,9.3,2.2,0.9,1.8,51.4,0.0,0.0,0.0,0.3,0.6,50.0,0.8,2.3,3.2,0.4,0.7,0.1,1.3,2.1,10.0,0.0,0.0,-2.6,Norvel Pelle
392,2019-20,30.0,11.7,4.0,1.5,5.1,29.6,0.5,2.6,19.2,0.5,0.5,93.8,0.3,1.4,1.7,1.8,1.1,0.5,0.1,1.1,9.5,0.0,0.0,-0.8,Theo Pinson
393,2019-20,49.0,17.1,7.4,3.0,4.8,62.7,0.0,0.1,0.0,1.5,2.7,54.5,1.8,3.7,5.5,2.4,1.4,0.6,0.6,2.3,19.6,2.0,0.0,0.1,Mason Plumlee
394,2019-20,58.0,16.6,5.3,2.3,3.8,61.9,0.0,0.0,0.0,0.6,1.3,48.6,1.8,3.6,5.3,1.8,0.8,0.5,1.4,1.7,19.4,2.0,0.0,1.0,Jakob Poeltl
395,2019-20,21.0,5.4,1.9,0.8,1.6,48.5,0.0,0.1,50.0,0.3,0.3,85.7,0.5,1.1,1.6,0.3,0.3,0.1,0.3,1.1,5.2,0.0,0.0,-0.6,Vincent Poirier
396,2019-20,4.0,2.6,2.3,0.8,1.3,60.0,0.3,0.5,50.0,0.5,0.5,100,0.0,0.3,0.3,0.5,0.0,0.0,0.3,0.5,4.1,0.0,0.0,0.0,Shamorie Ponds
397,2019-20,54.0,22.4,8.8,2.9,8.9,32.6,1.3,4.7,28.0,1.7,2.1,81.4,0.2,1.9,2.1,2.4,1.2,0.6,0.2,1.7,16.0,0.0,0.0,-3.5,Jordan Poole
398,2019-20,49.0,23.5,10.1,3.8,8.6,44.3,1.1,3.2,33.5,1.5,2.0,72.7,0.4,2.8,3.3,2.2,1.9,0.9,0.3,2.8,19.1,0.0,0.0,-5.8,Kevin PorterJr.
399,2019-20,45.0,14.2,7.8,3.1,6.1,50.4,0.9,2.2,42.9,0.7,1.0,76.7,1.2,3.2,4.3,0.8,0.8,0.4,0.4,1.6,15.8,5.0,0.0,0.2,Michael PorterJr.
400,2019-20,10.0,24.3,11.9,4.2,9.5,44.2,1.9,4.5,42.2,1.6,2.2,72.7,0.8,2.4,3.2,1.7,0.7,0.9,0.4,2.2,21.5,0.0,0.0,1.8,Otto PorterJr.
401,2019-20,61.0,20.9,9.8,3.9,8.7,44.4,1.0,2.9,35.2,1.1,1.4,76.5,1.3,3.9,5.1,1.5,1.1,0.5,0.2,1.7,19.2,5.0,0.0,-3.0,Bobby Portis
402,2019-20,47.0,30.8,19.2,6.6,15.5,42.4,2.5,7.0,35.8,3.6,4.6,77.3,1.6,7.7,9.4,1.6,1.6,0.7,2.0,3.1,39.3,21.0,0.0,5.5,Kristaps Porzingis
403,2019-20,40.0,26.5,9.4,3.7,5.7,63.8,0.3,1.0,25.6,1.9,2.8,66.7,1.9,3.8,5.7,1.5,0.9,0.9,0.6,2.6,21.7,1.0,0.0,4.9,Dwight Powell
404,2019-20,41.0,28.9,15.9,5.7,11.5,49.7,2.0,5.2,39.1,2.4,2.9,83.2,0.6,3.2,3.8,1.7,1.5,1.2,0.4,2.1,26.4,0.0,0.0,3.8,Norman Powell
405,2019-20,60.0,29.1,12.2,4.4,11.5,38.4,2.4,6.8,35.0,1.0,1.3,76.9,0.8,5.2,5.9,1.9,2.0,0.9,0.4,2.5,24.0,8.0,0.0,1.4,Taurean Prince
406,2019-20,59.0,32.6,19.2,7.1,15.7,45.4,1.0,3.7,26.5,3.9,5.5,72.1,2.4,7.4,9.7,3.3,3.0,0.8,0.4,2.7,36.2,27.0,0.0,-3.3,Julius Randle
407,2019-20,2.0,0.7,0.0,0.0,0.5,0.0,0.0,0.0,0.0,0.0,0.0,0.0,0.0,0.0,0.0,0.0,0.0,0.0,0.0,0.0,0.0,0.0,0.0,-2.5,Josh Reaves
408,2019-20,54.0,26.6,10.0,3.4,9.4,36.8,1.4,4.2,31.9,1.8,2.2,79.8,0.6,3.1,3.7,1.5,1.6,1.1,0.5,2.3,19.8,0.0,0.0,-4.4,Cam Reddish
409,2019-20,54.0,26.4,14.9,4.6,10.3,45.0,2.9,6.4,45.2,2.7,3.0,90.2,0.2,2.4,2.6,2.0,1.2,0.4,0.2,1.6,21.4,0.0,0.0,0.2,JJ Redick
410,2019-20,26.0,15.1,8.3,3.1,7.6,41.1,1.1,3.2,33.3,1.0,1.4,70.3,1.0,2.8,3.9,1.0,0.6,0.5,0.7,2.7,17.5,1.0,0.0,1.6,Naz Reid
411,2019-20,3.0,12.0,2.3,0.7,3.0,22.2,0.3,2.3,14.3,0.7,0.7,100,0.0,1.7,1.7,0.7,1.0,0.0,0.7,2.3,6.3,0.0,0.0,-3.0,Cameron Reynolds
412,2019-20,47.0,30.7,13.9,5.2,12.1,43.0,1.5,4.5,32.5,2.1,2.6,79.0,0.8,2.6,3.4,3.1,1.9,1.0,0.7,2.5,25.7,0.0,0.0,2.2,Josh Richardson
413,2019-20,56.0,23.3,8.6,3.1,7.3,42.4,1.4,3.9,34.5,1.0,1.5,69.5,0.4,2.0,2.4,1.6,0.6,0.7,0.2,1.8,15.8,0.0,0.0,1.7,Austin Rivers
414,2019-20,57.0,23.0,9.5,4.1,5.6,73.0,0.0,0.0,0.0,1.3,2.3,56.4,3.1,4.0,7.1,0.6,0.6,0.9,1.9,3.2,26.8,7.0,0.0,-2.0,Mitchell Robinson
415,2019-20,57.0,29.3,12.0,4.8,9.9,48.6,1.2,3.2,38.4,1.2,1.4,85.9,1.3,3.0,4.3,1.6,0.9,0.9,0.3,1.6,22.2,1.0,0.0,-5.0,Glenn RobinsonIII
416,2019-20,3.0,3.8,0.0,0.0,0.3,0.0,0.0,0.0,0.0,0.0,0.0,0.0,0.0,0.7,0.7,0.0,0.3,0.0,0.0,0.3,0.5,0.0,0.0,-1.3,Isaiah Roby
417,2019-20,45.0,20.8,7.3,2.9,6.9,42.4,0.9,2.6,33.6,0.6,0.9,66.7,0.5,2.6,3.0,5.0,1.9,0.9,0.0,1.2,19.4,2.0,0.0,1.0,Rajon Rondo
418,2019-20,50.0,26.0,18.1,7.4,15.1,49.0,0.9,2.9,30.6,2.4,2.8,87.1,0.5,1.9,2.4,5.6,2.5,0.8,0.3,1.0,30.2,4.0,0.0,-1.7,Derrick Rose
419,2019-20,59.0,27.0,14.2,4.8,12.2,39.4,2.4,7.2,33.9,2.2,2.6,84.8,0.2,3.1,3.3,1.2,0.9,1.1,0.3,1.4,23.2,0.0,0.0,-1.3,Terrence Ross
420,2019-20,60.0,34.1,17.5,6.2,14.8,41.6,2.6,6.5,39.0,2.7,3.0,87.9,0.8,3.7,4.5,4.1,2.3,1.0,0.2,2.0,30.3,2.0,0.0,-6.8,Terry Rozier
421,2019-20,54.0,31.4,12.7,4.4,10.6,40.9,1.1,3.2,34.3,2.9,3.4,83.8,0.7,3.7,4.5,8.8,2.7,1.5,0.2,2.5,33.6,19.0,1.0,1.9,Ricky Rubio
422,2019-20,41.0,32.4,23.6,8.2,19.1,43.1,3.6,9.7,37.4,3.5,4.3,80.3,0.4,3.4,3.8,6.5,3.2,1.0,0.3,2.0,38.8,3.0,0.0,-6.7,D'Angelo Russell
423,2019-20,58.0,34.5,18.3,7.3,13.5,53.8,0.2,1.1,23.0,3.5,4.8,72.9,3.1,9.4,12.5,4.9,2.6,0.8,0.5,3.3,41.8,47.0,4.0,3.3,Domantas Sabonis
424,2019-20,4.0,5.6,2.5,0.8,1.5,50.0,0.3,0.5,50.0,0.8,1.0,75.0,1.0,0.3,1.3,0.0,0.0,0.0,0.0,0.0,4.0,0.0,0.0,-3.3,Luka Samanic
425,2019-20,22.0,12.7,3.9,1.8,3.1,58.8,0.1,0.5,16.7,0.2,0.5,40.0,0.5,1.6,2.1,0.2,0.3,0.4,0.4,1.7,8.7,0.0,0.0,-0.4,JaKarr Sampson
426,2019-20,55.0,24.3,9.6,3.6,7.9,45.2,1.2,3.6,32.0,1.3,1.5,84.5,1.5,4.4,5.8,1.9,1.3,0.5,0.2,2.2,20.5,8.0,0.0,-1.3,Dario Saric
427,2019-20,61.0,29.0,10.1,3.7,8.5,43.8,1.0,3.1,33.0,1.7,1.9,87.2,1.1,2.7,3.8,5.5,2.0,1.3,0.1,2.2,25.2,3.0,0.0,-0.8,Tomas Satoransky
428,2019-20,26.0,11.2,3.2,1.2,2.9,40.0,0.5,1.8,29.8,0.3,0.5,69.2,0.2,1.1,1.3,0.5,0.3,0.3,0.1,1.6,6.6,0.0,0.0,-1.2,Admiral Schofield
429,2019-20,60.0,31.0,18.9,7.0,14.9,47.0,1.9,5.1,38.0,3.0,3.5,84.4,0.3,3.4,3.8,4.0,2.6,0.7,0.2,2.2,29.4,0.0,0.0,3.8,Dennis Schroder
430,2019-20,60.0,17.4,5.6,2.0,5.0,40.4,1.2,3.3,35.7,0.4,0.5,88.9,0.8,2.6,3.4,0.6,0.4,0.3,0.1,1.3,11.5,0.0,0.0,1.5,Mike Scott
431,2019-20,40.0,10.7,2.3,0.9,2.3,41.1,0.4,1.4,27.8,0.1,0.2,37.5,0.5,1.8,2.3,0.6,0.4,0.6,0.3,1.1,8.4,0.0,0.0,0.6,Thabo Sefolosha
432,2019-20,61.0,32.5,20.2,7.6,16.4,46.4,1.5,3.9,38.8,3.4,4.1,84.3,1.0,2.1,3.1,2.8,2.2,1.0,0.1,2.1,29.2,0.0,0.0,-6.6,Collin Sexton
433,2019-20,44.0,28.2,10.0,3.3,7.6,42.8,2.3,5.8,40.2,1.2,1.3,89.7,0.1,1.8,2.0,1.8,0.8,0.4,0.2,2.8,16.1,0.0,0.0,3.2,Landry Shamet
434,2019-20,2.0,5.2,1.5,0.5,2.5,20.0,0.5,1.5,33.3,0.0,0.0,0.0,0.0,1.5,1.5,0.5,0.5,0.0,0.0,0.0,3.6,0.0,0.0,-5.0,Marial Shayok
435,2019-20,13.0,18.5,4.2,1.6,4.9,32.8,0.6,2.5,24.2,0.3,0.5,57.1,0.7,1.9,2.6,0.9,0.8,0.9,0.2,1.6,11.1,0.0,0.0,-4.0,Iman Shumpert
436,2019-20,50.0,35.3,23.7,8.8,19.0,46.1,2.2,6.0,37.0,4.0,5.0,79.3,1.1,6.4,7.5,3.5,2.5,1.0,1.0,2.8,41.3,11.0,0.0,6.6,Pascal Siakam
437,2019-20,40.0,7.7,3.0,1.1,1.7,62.3,0.0,0.1,0.0,0.9,1.2,69.4,1.4,1.4,2.7,0.5,0.8,0.2,0.5,2.0,8.3,0.0,0.0,-0.7,Chris Silva
438,2019-20,54.0,35.7,16.7,6.7,11.4,58.5,0.0,0.1,33.3,3.3,5.3,62.7,2.0,5.8,7.8,8.2,3.6,2.1,0.6,3.2,43.0,30.0,6.0,1.5,Ben Simmons
439,2019-20,4.0,11.9,4.3,1.5,4.3,35.3,0.5,1.3,40.0,0.8,0.8,100,0.3,1.3,1.5,2.0,1.5,0.8,0.0,1.5,9.8,0.0,0.0,0.5,Kobi Simmons
440,2019-20,61.0,22.1,9.0,3.3,8.3,40.1,1.2,3.5,34.1,1.2,1.4,81.6,0.4,2.0,2.4,1.5,1.0,0.4,0.1,2.0,14.7,1.0,0.0,-4.0,Anfernee Simons
441,2019-20,14.0,9.9,4.2,1.4,2.9,50.0,0.2,0.9,23.1,1.1,1.4,84.2,0.7,1.2,1.9,0.9,0.8,0.2,0.3,1.0,8.6,0.0,0.0,-0.6,Alen Smailagic
442,2019-20,49.0,32.2,12.9,4.3,11.5,37.8,2.4,6.8,35.2,1.8,2.2,81.5,0.7,3.0,3.8,5.0,1.6,1.7,0.5,2.7,30.0,2.0,0.0,4.8,Marcus Smart
443,2019-20,60.0,26.2,10.5,4.4,9.7,45.1,0.9,2.5,36.7,0.8,1.2,68.6,0.5,2.7,3.2,4.8,1.3,0.9,0.4,1.4,23.9,0.0,0.0,-1.8,Ish Smith
444,2019-20,7.0,4.6,1.1,0.4,1.6,27.3,0.0,0.4,0.0,0.3,0.6,50.0,0.0,0.3,0.3,0.3,0.3,0.4,0.0,0.6,2.9,0.0,0.0,-1.4,Zhaire Smith
445,2019-20,34.0,15.8,5.5,2.1,6.2,34.1,0.5,1.6,29.6,0.8,1.6,50.9,0.6,1.7,2.3,2.9,1.7,0.8,0.2,1.9,14.0,0.0,0.0,-5.7,Dennis SmithJr.
446,2019-20,55.0,27.6,8.1,2.9,6.5,45.1,1.8,4.3,41.0,0.5,0.5,100,0.1,1.7,1.8,2.1,0.5,0.5,0.2,1.7,15.1,0.0,0.0,-3.1,Tony Snell
447,2019-20,2.0,3.1,2.5,1.0,1.5,66.7,0.0,0.5,0.0,0.5,0.5,100,0.5,0.0,0.5,0.0,0.0,0.0,0.0,0.5,3.1,0.0,0.0,7.5,Max Strus
448,2019-20,21.0,13.3,4.2,1.7,4.0,42.4,0.4,1.3,28.6,0.4,0.6,61.5,0.4,1.0,1.4,1.3,0.7,0.6,0.3,1.4,9.8,0.0,0.0,-1.4,Edmond Sumner
449,2019-20,23.0,11.2,2.8,1.2,2.0,59.6,0.0,0.1,0.0,0.4,0.7,52.9,1.1,2.7,3.8,1.0,1.3,0.1,0.3,2.3,8.9,0.0,0.0,-1.8,Caleb Swanigan
450,2019-20,55.0,34.5,23.5,8.4,18.7,45.0,2.8,7.1,39.6,3.9,4.7,81.6,1.0,6.1,7.1,2.9,2.2,1.3,0.9,2.1,40.9,10.0,0.0,7.9,Jayson Tatum
451,2019-20,55.0,25.2,10.9,3.6,8.4,43.0,0.7,2.0,36.0,3.0,3.4,87.2,0.5,2.0,2.4,5.3,2.1,0.8,0.3,1.8,23.1,3.0,0.0,-3.0,Jeff Teague
452,2019-20,55.0,28.1,10.3,3.6,9.5,37.8,2.0,6.3,32.4,1.0,1.3,76.7,0.5,2.9,3.5,2.6,1.0,0.8,0.5,1.7,21.0,1.0,0.0,-0.8,Garrett Temple
453,2019-20,54.0,23.6,9.1,3.6,6.6,55.6,0.4,1.4,29.9,1.4,1.8,76.3,2.3,4.4,6.6,1.6,0.8,0.6,1.3,3.5,24.4,5.0,0.0,3.3,Daniel Theis
454,2019-20,40.0,23.1,12.2,4.4,10.7,40.8,2.0,4.7,41.3,1.6,1.9,81.6,0.3,1.4,1.7,3.7,1.9,0.3,0.2,1.9,19.2,1.0,0.0,-5.0,Isaiah Thomas
455,2019-20,5.0,5.1,1.4,0.4,1.2,33.3,0.4,1.0,40.0,0.2,0.4,50.0,0.0,0.0,0.0,0.2,0.2,0.2,0.0,0.6,2.1,0.0,0.0,-3.2,Khyri Thomas
456,2019-20,30.0,9.9,4.6,1.6,3.3,49.5,1.1,2.3,49.3,0.2,0.3,75.0,0.2,1.2,1.4,0.6,0.3,0.2,0.0,0.9,7.5,0.0,0.0,1.0,Matt Thomas
